calDate,totDailyGrossRevenue,adCostGOG,clicksCounterGOG,impressionsCounterGOG,adCostFB,clicksCounterFB,impressionsCounterFB,adCostAMZ,clicksCounterAMZ,impressionsCounterAMZ
2019-03-03,124.06,,,,19.6,171.0,10201.0,,,
2019-03-04,88.97,,,,20.09,160.0,10806.0,,,
2019-03-05,0.0,,,,17.44,145.0,8023.0,,,
2019-03-06,53.52,,,,19.54,158.0,10395.0,,,
2019-03-07,0.0,,,,1.1,11.0,565.0,,,
2019-03-08,0.0,,,,23.33,110.0,8755.0,,,
2019-03-09,0.0,,,,23.12,105.0,9296.0,,,
2019-03-10,0.0,,,,20.07,117.0,7938.0,,,
2019-03-11,20.49,,,,19.51,106.0,9633.0,,,
2019-03-12,20.49,,,,25.92,149.0,10985.0,,,
2019-03-13,0.0,,,,28.92,165.0,11828.0,,,
2019-03-14,0.0,,,,27.89,129.0,11857.0,,,
2019-03-15,0.0,,,,28.31,106.0,10717.0,,,
2019-03-16,0.0,,,,30.76,152.0,9607.0,,,
2019-03-17,0.0,,,,30.33,135.0,9969.0,,,
2019-03-18,0.0,,,,29.950000000000003,127.0,9914.0,,,
2019-03-19,0.0,,,,29.78,126.0,9482.0,,,
2019-03-20,0.0,,,,39.16,173.0,11500.0,,,
2019-03-21,0.0,,,,57.510000000000005,255.0,19413.0,,,
2019-03-22,57.79,,,,59.13,223.0,12656.0,,,
2019-03-23,0.0,,,,61.83,237.0,13398.0,,,
2019-03-24,0.0,,,,60.69,299.0,16556.0,,,
2019-03-25,0.0,,,,55.38,177.0,17480.0,,,
2019-03-26,0.0,,,,49.010000000000005,164.0,11948.0,,,
2019-03-27,0.0,,,,50.67,195.0,13655.0,,,
2019-03-28,0.0,,,,50.73,180.0,13117.0,,,
2019-03-29,0.0,,,,49.03,161.0,11771.0,,,
2019-03-30,0.0,,,,51.61,155.0,11535.0,,,
2019-03-31,0.0,,,,50.56,176.0,13550.0,,,
2019-04-01,0.0,,,,39.35,212.0,13523.0,,,
2019-04-02,0.0,,,,44.27,255.0,18975.0,,,
2019-04-03,77.57,,,,50.44,273.0,23248.0,,,
2019-04-04,21.99,,,,51.39,277.0,18790.0,,,
2019-04-05,0.0,,,,50.25,210.0,14401.0,,,
2019-04-06,0.0,,,,52.56,186.0,14450.0,,,
2019-04-07,0.0,,,,50.48,213.0,14999.0,,,
2019-04-08,55.980000000000004,,,,50.11,195.0,16596.0,,,
2019-04-09,0.0,,,,50.74,195.0,15412.0,,,
2019-04-10,0.0,,,,57.42,213.0,15045.0,,,
2019-04-11,34.83,,,,46.52,169.0,12929.0,,,
2019-04-12,0.0,,,,44.12,177.0,14371.0,,,
2019-04-13,0.0,,,,39.95,141.0,10970.0,,,
2019-04-14,0.0,,,,39.98,177.0,11602.0,,,
2019-04-15,10.49,,,,39.9,184.0,14161.0,,,
2019-04-16,0.0,,,,39.92,194.0,15121.0,,,
2019-04-17,0.0,,,,39.97,153.0,15659.0,,,
2019-04-18,0.0,,,,39.08,157.0,13696.0,,,
2019-04-19,17.49,,,,37.03,168.0,12399.0,,,
2019-04-20,0.0,,,,39.540000000000006,168.0,13643.0,,,
2019-04-21,0.0,,,,39.39,196.0,14866.0,,,
2019-04-22,0.0,,,,40.3,240.0,16978.0,,,
2019-04-23,0.0,,,,38.75,252.0,19670.0,,,
2019-04-24,0.0,,,,39.09,239.0,21271.0,,,
2019-04-25,0.0,,,,39.23,226.0,18858.0,,,
2019-04-26,0.0,,,,39.23,211.0,18679.0,,,
2019-04-27,0.0,,,,41.23,185.0,18035.0,,,
2019-04-28,0.0,,,,40.63,214.0,19920.0,,,
2019-04-29,20.99,,,,40.46,178.0,23894.0,,,
2019-04-30,0.0,,,,32.52,146.0,20549.0,,,
2019-05-01,0.0,,,,20.16,123.0,17826.0,,,
2019-05-02,0.0,,,,20.01,89.0,17179.0,,,
2019-05-03,18.69,,,,19.99,85.0,16111.0,,,
2019-05-04,67.98,,,,20.48,101.0,15378.0,,,
2019-05-05,0.0,,,,20.0,120.0,15994.0,,,
2019-05-06,19.59,,,,19.92,106.0,15996.0,,,
2019-05-07,73.67,,,,1.91,8.0,1505.0,,,
2019-05-08,36.04,,,,46.69,239.0,24837.0,,,
2019-05-09,43.98,,,,60.97,264.0,32596.0,,,
2019-05-10,29.99,,,,62.52,284.0,29348.0,,,
2019-05-11,67.17999999999999,,,,62.48,287.0,28089.0,,,
2019-05-12,0.0,,,,60.19,323.0,31712.0,,,
2019-05-13,0.0,,,,59.0,277.0,30968.0,,,
2019-05-14,0.0,,,,58.99,259.0,28527.0,,,
2019-05-15,0.0,,,,57.14,281.0,24326.0,,,
2019-05-16,0.0,,,,59.69,286.0,23139.0,,,
2019-05-17,0.0,,,,58.88,239.0,17718.0,,,
2019-05-18,0.0,,,,62.63,215.0,16122.0,,,
2019-05-19,0.0,,,,59.44,258.0,19031.0,,,
2019-05-20,33.99,,,,59.94,229.0,22119.0,,,
2019-05-21,63.98,,,,68.58,303.0,21928.0,,,
2019-05-22,0.0,,,,76.52,310.0,22367.0,,,
2019-05-23,44.98,,,,81.03,354.0,22713.0,,,
2019-05-24,16.44,,,,78.94,293.0,22765.0,,,
2019-05-25,13.49,,,,80.81,356.0,22400.0,,,
2019-05-26,0.0,,,,80.19,365.0,22427.0,,,
2019-05-27,0.0,,,,77.66,307.0,24880.0,,,
2019-05-28,0.0,,,,70.51,262.0,22149.0,,,
2019-05-29,0.0,,,,59.09,207.0,19429.0,,,
2019-05-30,33.99,,,,60.51,246.0,19001.0,,,
2019-05-31,0.0,,,,60.21,234.0,16711.0,,,
2019-06-01,14.3,,,,61.290000000000006,259.0,21123.0,,,
2019-06-02,59.98,,,,59.74,271.0,22513.0,,,
2019-06-03,0.0,,,,59.53,256.0,28799.0,,,
2019-06-04,18.69,,,,59.34,253.0,25813.0,,,
2019-06-05,0.0,,,,59.95,241.0,21450.0,,,
2019-06-06,0.0,,,,59.61,233.0,21257.0,,,
2019-06-07,83.59,,,,4.38,26.0,1253.0,,,
2019-06-08,0.0,,,,69.06,226.0,19923.0,,,
2019-06-09,29.98,,,,60.33,268.0,18912.0,,,
2019-06-10,62.48,,,,60.07000000000001,242.0,21664.0,,,
2019-06-11,67.98,,,,59.89,245.0,22601.0,,,
2019-06-12,54.48,,,,59.53999999999999,236.0,21703.0,,,
2019-06-13,0.0,,,,59.38,205.0,20485.0,,,
2019-06-14,0.0,,,,60.48,213.0,24668.0,,,
2019-06-15,0.0,,,,60.31,287.0,28283.0,,,
2019-06-16,0.0,,,,64.23,381.0,42687.0,,,
2019-06-17,24.99,,,,63.85,410.0,50368.0,,,
2019-06-18,0.0,,,,62.41,286.0,36920.0,,,
2019-06-19,0.0,,,,74.94,452.0,46621.0,,,
2019-06-20,0.0,,,,67.66,374.0,40127.0,,,
2019-06-21,0.0,,,,80.56,406.0,45229.0,,,
2019-06-22,0.0,,,,90.66,533.0,47523.0,,,
2019-06-23,0.0,,,,90.13,554.0,50009.0,,,
2019-06-24,101.27,,,,88.62,551.0,61189.0,,,
2019-06-25,328.88,,,,83.28999999999999,467.0,46590.0,,,
2019-06-26,0.0,,,,76.2,415.0,40482.0,,,
2019-06-27,0.0,,,,68.76,373.0,39476.0,,,
2019-06-28,22.8,,,,68.39,388.0,41572.0,,,
2019-06-29,0.0,,,,72.59,359.0,41766.0,,,
2019-06-30,0.0,,,,70.16,421.0,44983.0,,,
2019-07-01,0.0,,,,69.14,427.0,52776.0,,,
2019-07-02,0.0,,,,68.02,393.0,45090.0,,,
2019-07-03,22.8,,,,68.75,415.0,40907.0,,,
2019-07-04,0.0,,,,70.46,368.0,41273.0,,,
2019-07-05,0.0,,,,69.66,365.0,42035.0,,,
2019-07-06,0.0,,,,73.81,390.0,45817.0,,,
2019-07-07,0.0,,,,69.86,332.0,44386.0,,,
2019-07-08,0.0,,,,28.34,157.0,17548.0,,,
2019-07-09,14.79,,,,,,,,,
2019-07-10,0.0,,,,,,,,,
2019-07-11,27.99,,,,,,,,,
2019-07-12,0.0,,,,,,,,,
2019-07-13,0.0,,,,,,,,,
2019-07-14,0.0,,,,,,,,,
2019-07-15,0.0,,,,,,,,,
2019-07-16,0.0,,,,,,,,,
2019-07-17,47.080000000000005,,,,,,,,,
2019-07-18,0.0,,,,,,,,,
2019-07-19,0.0,,,,,,,,,
2019-07-20,34.15,,,,,,,,,
2019-07-21,0.0,,,,,,,,,
2019-07-22,0.0,,,,,,,,,
2019-07-23,0.0,,,,,,,,,
2019-07-24,15.985551305206243,,,,,,,,,
2019-07-25,0.0,,,,,,,,,
2019-07-26,0.0,,,,,,,,,
2019-07-27,0.0,,,,,,,,,
2019-07-28,0.0,,,,,,,,,
2019-07-29,31.48,,,,1.49,17.0,718.0,,,
2019-07-30,0.0,,,,3.53,44.0,1717.0,,,
2019-07-31,0.0,,,,3.8,47.0,1924.0,,,
2019-08-01,0.0,,,,3.8,57.0,2206.0,,,
2019-08-02,0.0,,,,3.47,40.0,1826.0,,,
2019-08-03,0.0,,,,0.91,16.0,543.0,,,
2019-08-04,43.29,,,,,,,,,
2019-08-05,53.61,,,,,,,,,
2019-08-06,0.0,,,,,,,,,
2019-08-07,16.49,,,,,,,,,
2019-08-08,0.0,,,,,,,,,
2019-08-09,0.0,,,,,,,,,
2019-08-10,0.0,,,,,,,,,
2019-08-11,0.0,,,,,,,,,
2019-08-12,0.0,,,,,,,,,
2019-08-13,0.0,,,,,,,,,
2019-08-14,0.0,,,,,,,,,
2019-08-15,0.0,,,,,,,,,
2019-08-16,12.49,,,,,,,,,
2019-08-17,0.0,,,,,,,,,
2019-08-18,10.49,,,,,,,,,
2019-08-19,0.0,,,,1.84,31.0,3900.0,,,
2019-08-20,0.0,,,,9.5,127.0,14918.0,,,
2019-08-21,0.0,,,,9.7,74.0,9954.0,,,
2019-08-22,44.48,,,,7.18,53.0,5472.0,,,
2019-08-23,0.0,,,,0.42,9.0,537.0,,,
2019-08-24,0.0,,,,10.46,153.0,12457.0,,,
2019-08-25,0.0,,,,10.11,192.0,12202.0,,,
2019-08-26,0.0,,,,10.09,161.0,11790.0,,,
2019-08-27,43.98,,,,0.73,11.0,773.0,,,
2019-08-28,25.98,,,,,,,,,
2019-08-29,23.79,,,,,,,,,
2019-08-30,10.99,,,,2.48,19.0,6482.0,,,
2019-08-31,0.0,,,,4.74,22.0,8806.0,,,
2019-09-01,0.0,,,,4.99,31.0,10098.0,,,
2019-09-02,0.0,,,,4.99,18.0,9371.0,,,
2019-09-03,21.99,,,,4.98,16.0,8268.0,,,
2019-09-04,33.98,,,,4.99,12.0,7791.0,,,
2019-09-05,0.0,,,,4.61,15.0,6424.0,,,
2019-09-06,147.97,,,,5.34,38.0,5609.0,,,
2019-09-07,0.0,,,,10.28,30.0,10976.0,,,
2019-09-08,0.0,,,,8.63,26.0,10168.0,,,
2019-09-09,0.0,,,,4.81,12.0,7630.0,,,
2019-09-10,0.0,,,,9.88,38.0,13863.0,,,
2019-09-11,0.0,,,,10.03,34.0,13704.0,,,
2019-09-12,0.0,,,,10.19,27.0,13871.0,,,
2019-09-13,0.0,,,,45.05,309.0,26013.0,,,
2019-09-14,0.0,,,,45.07,237.0,25858.0,,,
2019-09-15,0.0,,,,39.96,210.0,24451.0,,,
2019-09-16,49.98,,,,40.14,248.0,32377.0,,,
2019-09-17,29.81,,,,37.78,287.0,28652.0,,,
2019-09-18,0.0,,,,36.92,330.0,17597.0,,,
2019-09-19,27.99,,,,32.71,293.0,20728.0,,,
2019-09-20,52.480000000000004,,,,29.5,265.0,20389.0,,,
2019-09-21,0.0,,,,30.9,223.0,24110.0,,,
2019-09-22,37.38,,,,21.84,173.0,17184.0,,,
2019-09-23,142.96,,,,19.64,152.0,14213.0,,,
2019-09-24,0.0,,,,20.03,156.0,19781.0,,,
2019-09-25,0.0,,,,19.37,163.0,21193.0,,,
2019-09-26,27.99,,,,20.44,175.0,19330.0,,,
2019-09-27,0.0,,,,19.87,140.0,15539.0,,,
2019-09-28,0.0,,,,20.65,130.0,13582.0,,,
2019-09-29,0.0,,,,20.08,138.0,11992.0,,,
2019-09-30,0.0,,,,19.97,130.0,14097.0,,,
2019-10-01,0.0,,,,20.17,145.0,15113.0,,,
2019-10-02,12.49,,,,19.49,133.0,8358.0,,,
2019-10-03,46.461956301385285,,,,19.41,133.0,8242.0,,,
2019-10-04,0.0,,,,19.91,107.0,10309.0,,,
2019-10-05,67.14,,,,31.95,124.0,29778.0,,,
2019-10-06,0.0,,,,30.14,180.0,32109.0,,,
2019-10-07,0.0,,,,29.88,200.0,33118.0,,,
2019-10-08,20.98,,,,29.46,185.0,32730.0,,,
2019-10-09,0.0,,,,29.57,152.0,29031.0,,,
2019-10-10,0.0,,,,29.94,158.0,31894.0,,,
2019-10-11,27.48,,,,30.13,156.0,32163.0,,,
2019-10-12,57.98,,,,30.880000000000003,145.0,31077.0,,,
2019-10-13,0.0,,,,30.11,144.0,30679.0,,,
2019-10-14,27.99,,,,28.82,139.0,29198.0,,,
2019-10-15,211.92,,,,29.92,135.0,27716.0,,,
2019-10-16,58.16,,,,29.79,132.0,24977.0,,,
2019-10-17,0.0,,,,29.72,137.0,23739.0,,,
2019-10-18,12.49,,,,29.87,89.0,21579.0,,,
2019-10-19,19.59,,,,31.77,87.0,22294.0,,,
2019-10-20,0.0,,,,29.81,116.0,24665.0,,,
2019-10-21,0.0,,,,29.61,143.0,21958.0,,,
2019-10-22,0.0,,,,29.5,132.0,21522.0,,,
2019-10-23,0.0,,,,29.66,147.0,20904.0,,,
2019-10-24,13.99,,,,30.55,134.0,21222.0,,,
2019-10-25,0.0,,,,30.21,136.0,22333.0,,,
2019-10-26,77.98,,,,30.61,136.0,26648.0,,,
2019-10-27,0.0,,,,30.95,156.0,29342.0,,,
2019-10-28,0.0,,,,47.5,221.0,35105.0,,,
2019-10-29,0.0,,,,56.86,247.0,36433.0,,,
2019-10-30,0.0,,,,58.31,191.0,32456.0,,,
2019-10-31,0.0,,,,53.16,180.0,25258.0,,,
2019-11-01,64.98,,,,51.29,183.0,26145.0,,,
2019-11-02,0.0,,,,52.16,162.0,23524.0,,,
2019-11-03,0.0,,,,29.31,104.0,12298.0,,,
2019-11-04,0.0,,,,20.03,93.0,9557.0,,,
2019-11-05,61.48,,,,19.94,136.0,8827.0,,,
2019-11-06,0.0,,,,19.99,125.0,8714.0,,,
2019-11-07,27.99,,,,19.72,101.0,8819.0,,,
2019-11-08,0.0,,,,20.25,96.0,7674.0,,,
2019-11-09,0.0,,,,20.22,80.0,6381.0,,,
2019-11-10,16.49,,,,20.09,92.0,6942.0,,,
2019-11-11,53.96,,,,20.06,101.0,7743.0,,,
2019-11-12,0.0,,,,20.14,109.0,6536.0,,,
2019-11-13,0.0,,,,20.01,83.0,5783.0,,,
2019-11-14,0.0,,,,20.04,118.0,8109.0,,,
2019-11-15,54.48,,,,19.37,83.0,9099.0,,,
2019-11-16,0.0,,,,20.29,83.0,9080.0,,,
2019-11-17,0.0,,,,19.58,93.0,8395.0,,,
2019-11-18,0.0,,,,19.6,97.0,8377.0,,,
2019-11-19,24.99,,,,19.85,67.0,6429.0,,,
2019-11-20,34.48,,,,20.47,97.0,6162.0,,,
2019-11-21,0.0,,,,20.18,81.0,6222.0,,,
2019-11-22,0.0,,,,25.27,66.0,15298.0,,,
2019-11-23,0.0,,,,25.67,88.0,17168.0,,,
2019-11-24,0.0,,,,25.11,106.0,18890.0,,,
2019-11-25,12.49,,,,24.72,93.0,17204.0,,,
2019-11-26,0.0,,,,24.8,98.0,15202.0,,,
2019-11-27,0.0,,,,25.13,84.0,14543.0,,,
2019-11-28,102.43,,,,25.36,103.0,13839.0,,,
2019-11-29,77.43,,,,24.41,86.0,10849.0,,,
2019-11-30,29.99,,,,19.84,85.0,5241.0,,,
2019-12-01,60.2,,,,20.19,88.0,6794.0,,,
2019-12-02,0.0,,,,20.03,80.0,6584.0,,,
2019-12-03,0.0,,,,20.01,88.0,7587.0,,,
2019-12-04,0.0,,,,20.13,104.0,6845.0,,,
2019-12-05,0.0,,,,20.13,90.0,6337.0,,,
2019-12-06,168.68,,,,23.12,197.0,7705.0,,,
2019-12-07,24.99,,,,39.25,560.0,14441.0,,,
2019-12-08,0.0,,,,37.47,463.0,15219.0,,,
2019-12-09,0.0,,,,21.48,137.0,7560.0,,,
2019-12-10,30.48,,,,25.81,282.0,10078.0,,,
2019-12-11,0.0,,,,25.43,217.0,8816.0,,,
2019-12-12,0.0,,,,25.73,199.0,8609.0,,,
2019-12-13,0.0,,,,25.21,173.0,8392.0,,,
2019-12-14,0.0,,,,26.36,209.0,8580.0,,,
2019-12-15,81.97,,,,26.06,198.0,9985.0,,,
2019-12-16,49.98,,,,23.25,132.0,9419.0,,,
2019-12-17,43.97,,,,20.11,61.0,6297.0,,,
2019-12-18,40.48,,,,23.34,154.0,7906.0,,,
2019-12-19,0.0,,,,26.62,170.0,8699.0,,,
2019-12-20,44.98,,,,24.07,108.0,9208.0,,,
2019-12-21,135.05,,,,22.8,97.0,7451.0,,,
2019-12-22,0.0,,,,29.03,195.0,9203.0,,,
2019-12-23,0.0,,,,25.87,112.0,8503.0,,,
2019-12-24,0.0,,,,22.6,77.0,7786.0,,,
2019-12-25,0.0,,,,20.08,69.0,9578.0,,,
2019-12-26,0.0,,,,20.19,110.0,8514.0,,,
2019-12-27,0.0,,,,25.22,108.0,24824.0,,,
2019-12-28,58.47,,,,26.16,107.0,18645.0,,,
2019-12-29,39.97,,,,24.94,101.0,15079.0,,,
2019-12-30,48.28,,,,24.93,123.0,15979.0,,,
2019-12-31,0.0,,,,24.78,119.0,16082.0,,,
2020-01-01,0.0,,,,25.13,157.0,23512.0,,,
2020-01-02,82.64,,,,24.89,143.0,18954.0,,,
2020-01-03,134.43,,,,25.05,127.0,23890.0,,,
2020-01-04,0.0,,,,25.28,159.0,23268.0,,,
2020-01-05,0.0,,,,22.8,139.0,15405.0,,,
2020-01-06,0.0,,,,19.94,122.0,12522.0,,,
2020-01-07,86.44999999999999,,,,21.94,207.0,14608.0,,,
2020-01-08,127.95,,,,28.94,375.0,20174.0,,,
2020-01-09,174.03,,,,30.380000000000003,297.0,17847.0,,,
2020-01-10,0.0,,,,24.81,160.0,12539.0,,,
2020-01-11,43.97,,,,25.9,158.0,12333.0,,,
2020-01-12,0.0,,,,28.25,211.0,19722.0,,,
2020-01-13,0.0,,,,26.73,150.0,16565.0,,,
2020-01-14,46.97,,,,28.04,181.0,14910.0,,,
2020-01-15,17.32,,,,28.73,208.0,18094.0,,,
2020-01-16,43.37,,,,27.87,143.0,22200.0,,,
2020-01-17,18.99,,,,28.51,149.0,19487.0,,,
2020-01-18,0.0,,,,35.44,240.0,26356.0,,,
2020-01-19,18.99,,,,28.56,222.0,22240.0,,,
2020-01-20,53.98,,,,24.69,187.0,19096.0,,,
2020-01-21,0.0,,,,25.040000000000003,161.0,17755.0,,,
2020-01-22,0.0,,,,26.73,172.0,17476.0,,,
2020-01-23,0.0,,,,34.7,313.0,28161.0,,,
2020-01-24,15.99,,,,33.85,169.0,21014.0,,,
2020-01-25,0.0,,,,27.0,81.0,15406.0,,,
2020-01-26,0.0,,,,28.630000000000003,210.0,14946.0,,,
2020-01-27,47.95,,,,24.72,111.0,13232.0,,,
2020-01-28,0.0,,,,27.27,170.0,17273.0,,,
2020-01-29,0.0,,,,17.25,126.0,9612.0,,,
2020-01-30,0.0,,,,6.76,71.0,2741.0,,,
2020-01-31,0.0,,,,7.23,108.0,2751.0,,,
2020-02-01,0.0,,,,5.73,59.0,1830.0,,,
2020-02-02,48.97,,,,3.75,50.0,1401.0,,,
2020-02-03,83.44999999999999,,,,25.58,337.0,14325.0,,,
2020-02-04,45.97,,,,42.55,533.0,29006.0,,,
2020-02-05,27.99,,,,48.5,457.0,30349.0,,,
2020-02-06,21.98,,,,45.58,468.0,31979.0,,,
2020-02-07,43.97,,,,42.14,377.0,27554.0,,,
2020-02-08,0.0,,,,44.78,406.0,28713.0,,,
2020-02-09,0.0,,,,57.69,631.0,51072.0,,,
2020-02-10,75.17,,,,51.21,495.0,45149.0,,,
2020-02-11,0.0,,,,49.370000000000005,461.0,40073.0,,,
2020-02-12,0.0,,,,42.91,340.0,42376.0,,,
2020-02-13,12.89,,,,35.61,271.0,32413.0,,,
2020-02-14,24.44,,,,47.08,393.0,23235.0,,,
2020-02-15,0.0,,,,40.56,355.0,14921.0,,,
2020-02-16,79.97,,,,39.59,400.0,15395.0,,,
2020-02-17,101.44,,,,39.52,268.0,14330.0,,,
2020-02-18,152.94,,,,39.97,220.0,11441.0,,,
2020-02-19,114.93,,,,48.870000000000005,541.0,16313.0,,,
2020-02-20,4.99,,,,52.5,588.0,18653.0,,,
2020-02-21,0.0,,,,62.84,595.0,24398.0,,,
2020-02-22,49.98,,,,79.36,772.0,39416.0,,,
2020-02-23,4.0,,,,78.88,831.0,39954.0,,,
2020-02-24,220.58,,,,78.28,940.0,43804.0,,,
2020-02-25,84.64999999999999,,,,78.64,906.0,41380.0,,,
2020-02-26,84.07,,,,73.28999999999999,778.0,36308.0,,,
2020-02-27,0.0,,,,70.16,766.0,30860.0,,,
2020-02-28,29.98,,,,66.47,831.0,32393.0,,,
2020-02-29,0.0,,,,79.64,765.0,46441.0,,,
2020-03-01,13.99,,,,65.99,649.0,43838.0,,,
2020-03-02,78.06,,,,64.15,547.0,42561.0,,,
2020-03-03,84.98,,,,64.9,559.0,40904.0,,,
2020-03-04,0.0,,,,64.53999999999999,555.0,40678.0,,,
2020-03-05,0.0,,,,58.04,489.0,32190.0,,,
2020-03-06,89.94,,,,55.02,479.0,26004.0,,,
2020-03-07,118.64,,,,0.04,0.0,17.0,,,
2020-03-08,0.0,,,,,,,,,
2020-03-09,141.93,,,,,,,,,
2020-03-10,198.92,,,,,,,,,
2020-03-11,108.40999999999998,,,,0.04,0.0,3.0,,,
2020-03-12,28.98,,,,,,,,,
2020-03-13,113.26,,,,10.26,296.0,7571.0,,,
2020-03-14,140.35,,,,11.15,241.0,7190.0,,,
2020-03-15,31.57,,,,9.67,183.0,7164.0,,,
2020-03-16,106.11,,,,9.88,167.0,6566.0,,,
2020-03-17,69.19,,,,10.1,169.0,5674.0,,,
2020-03-18,18.99,,,,9.97,177.0,5459.0,,,
2020-03-19,184.0,,,,4.79,60.0,2872.0,,,
2020-03-20,0.0,,,,15.54,165.0,13702.0,,,
2020-03-21,38.99,,,,33.629999999999995,243.0,24530.0,,,
2020-03-22,176.20000000000002,,,,34.75,248.0,24662.0,,,
2020-03-23,185.38,,,,32.58,215.0,25173.0,,,
2020-03-24,112.16,,,,34.52,209.0,24353.0,,,
2020-03-25,63.17,,,,33.89,220.0,20966.0,,,
2020-03-26,272.24,,,,35.96,205.0,16870.0,,,
2020-03-27,70.37,,,,35.94,234.0,18626.0,,,
2020-03-28,79.07,,,,37.32,234.0,17151.0,,,
2020-03-29,53.98,,,,32.96,186.0,14703.0,,,
2020-03-30,79.50999999999999,,,,34.35,195.0,17170.0,,,
2020-03-31,19.48,,,,1.55,9.0,593.0,,,
2020-04-01,0.0,,,,,,,,,
2020-04-02,24.22,,,,,,,,,
2020-04-03,0.0,,,,,,,,,
2020-04-04,125.83,,,,,,,,,
2020-04-05,32.48,,,,,,,,,
2020-04-06,58.21,,,,,,,,,
2020-04-07,205.03,,,,,,,,,
2020-04-08,13.99,,,,7.609999999999999,81.0,4750.0,,,
2020-04-09,17.99,,,,18.62,131.0,11569.0,,,
2020-04-10,156.85,,,,30.44,158.0,18402.0,,,
2020-04-11,0.0,,,,32.71,145.0,15330.0,,,
2020-04-12,0.0,,,,29.49,142.0,19593.0,,,
2020-04-13,223.28,,,,29.13,155.0,19433.0,,,
2020-04-14,81.07,,,,29.35,140.0,16688.0,,,
2020-04-15,129.0,,,,30.39,153.0,16239.0,,,
2020-04-16,63.97,,,,29.62,129.0,15135.0,,,
2020-04-17,75.97,,,,29.31,107.0,12315.0,,,
2020-04-18,25.99,,,,15.63,59.0,6215.0,,,
2020-04-19,105.31,,,,19.72,148.0,19557.0,,,
2020-04-20,35.8,,,,19.53,135.0,18447.0,,,
2020-04-21,206.43,,,,22.9,188.0,20209.0,,,
2020-04-22,86.35,,,,24.98,227.0,20983.0,,,
2020-04-23,92.96,,,,23.49,249.0,16593.0,,,
2020-04-24,0.0,,,,23.25,249.0,15312.0,,,
2020-04-25,56.67,,,,16.09,91.0,6767.0,,,
2020-04-26,45.73,,,,15.010000000000002,119.0,6884.0,,,
2020-04-27,56.17,,,,20.06,202.0,8533.0,,,
2020-04-28,87.06,,,,24.31,296.0,11611.0,,,
2020-04-29,90.14999999999999,,,,24.38,304.0,11204.0,,,
2020-04-30,35.19,,,,30.8,347.0,13118.0,,,
2020-05-01,48.379999999999995,,,,30.46,435.0,14903.0,,,
2020-05-02,98.96,,,,32.65,417.0,17379.0,,,
2020-05-03,117.95,,,,30.68,492.0,17828.0,,,
2020-05-04,53.97,,,,22.950000000000003,386.0,14217.0,,,
2020-05-05,74.75,,,,24.21,399.0,21601.0,,,
2020-05-06,0.0,,,,25.01,376.0,22339.0,,,
2020-05-07,42.52,,,,28.09,388.0,27061.0,,,
2020-05-08,185.86,,,,20.23,245.0,10739.0,,,
2020-05-09,91.25,,,,20.48,234.0,9512.0,,,
2020-05-10,123.08,,,,20.01,334.0,10797.0,,,
2020-05-11,52.69,,,,20.05,305.0,11400.0,,,
2020-05-12,29.99,,,,19.79,299.0,11499.0,,,
2020-05-13,122.19,,,,19.2,245.0,11016.0,,,
2020-05-14,358.75,,,,31.3,295.0,15528.0,,,
2020-05-15,175.21,,,,31.85,351.0,13099.0,,,
2020-05-16,175.14,,,,32.24,277.0,12957.0,,,
2020-05-17,0.0,,,,29.58,339.0,14100.0,,,
2020-05-18,68.07,,,,29.41,314.0,14712.0,,,
2020-05-19,212.66,,,,30.35,304.0,12514.0,,,
2020-05-20,16.89,,,,29.64,297.0,13348.0,,,
2020-05-21,0.0,,,,29.72,241.0,14260.0,,,
2020-05-22,87.75,,,,30.13,223.0,10970.0,,,
2020-05-23,17.99,,,,31.07,201.0,11275.0,,,
2020-05-24,220.94,,,,29.73,270.0,11445.0,,,
2020-05-25,298.55,,,,29.71,250.0,13399.0,,,
2020-05-26,51.67999999999999,,,,29.57,218.0,12415.0,,,
2020-05-27,95.55,,,,22.89,215.0,8990.0,,,
2020-05-28,283.23,,,,19.93,181.0,10001.0,,,
2020-05-29,430.3,,,,19.96,172.0,9861.0,,,
2020-05-30,222.32,,,,20.79,179.0,11079.0,,,
2020-05-31,70.33,,,,19.68,205.0,10973.0,,,
2020-06-01,76.74,,,,19.89,185.0,11119.0,,,
2020-06-02,200.52,,,,19.44,216.0,11221.0,,,
2020-06-03,60.83,,,,16.490000000000002,131.0,9142.0,,,
2020-06-04,62.39,,,,15.55,105.0,7374.0,,,
2020-06-05,104.81,,,,19.48,236.0,8587.0,,,
2020-06-06,0.0,,,,16.56,212.0,7232.0,,,
2020-06-07,0.0,,,,14.84,200.0,7399.0,,,
2020-06-08,242.78,,,,14.68,145.0,7719.0,,,
2020-06-09,107.96,,,,14.82,185.0,7212.0,,,
2020-06-10,287.46000000000004,,,,14.91,133.0,6611.0,,,
2020-06-11,267.46000000000004,,,,15.330000000000002,181.0,6762.0,,,
2020-06-12,271.01,,,,15.23,174.0,6491.0,,,
2020-06-13,0.0,,,,15.19,190.0,6660.0,,,
2020-06-14,61.77,,,,14.64,142.0,6918.0,,,
2020-06-15,30.24,,,,7.85,79.0,3923.0,,,
2020-06-16,510.33,,,,15.89,202.0,7671.0,,,
2020-06-17,0.0,,,,15.96,199.0,7021.0,,,
2020-06-18,165.63,,,,15.81,148.0,6317.0,,,
2020-06-19,119.15,,,,15.85,181.0,5679.0,,,
2020-06-20,38.78,,,,16.04,141.0,5120.0,,,
2020-06-21,0.0,,,,17.689999999999998,202.0,8815.0,,,
2020-06-22,330.23,,,,23.02,220.0,15414.0,,,
2020-06-23,515.18,,,,21.45,192.0,17053.0,,,
2020-06-24,213.08000000000004,,,,19.47,155.0,15480.0,,,
2020-06-25,15.82,,,,19.81,125.0,13388.0,,,
2020-06-26,62.87,,,,19.58,95.0,12949.0,,,
2020-06-27,35.54,,,,20.79,102.0,12996.0,,,
2020-06-28,68.96,,,,20.11,116.0,17237.0,,,
2020-06-29,8.57,,,,20.08,115.0,16617.0,,,
2020-06-30,293.62,,,,19.91,152.0,15285.0,,,
2020-07-01,152.8,,,,20.12,134.0,17253.0,,,
2020-07-02,307.72,,,,19.49,132.0,17608.0,,,
2020-07-03,80.59,,,,19.85,111.0,18102.0,,,
2020-07-04,43.49,,,,20.87,127.0,17668.0,,,
2020-07-05,47.99,,,,19.81,127.0,17942.0,,,
2020-07-06,230.66,,,,17.0,90.0,14046.0,,,
2020-07-07,82.06,,,,14.68,81.0,10215.0,,,
2020-07-08,170.44,,,,14.89,84.0,8856.0,,,
2020-07-09,220.89000000000001,,,,14.82,67.0,7823.0,,,
2020-07-10,264.42,,,,17.580000000000002,105.0,12331.0,,,
2020-07-11,63.06,,,,20.66,102.0,16798.0,,,
2020-07-12,27.63,,,,19.91,104.0,17768.0,,,
2020-07-13,24.89,,,,20.1,107.0,17917.0,,,
2020-07-14,53.46,,,,19.84,91.0,15217.0,,,
2020-07-15,229.1,,,,14.01,96.0,11462.0,,,
2020-07-16,157.51,,,,10.22,95.0,10152.0,,,
2020-07-17,141.1,,,,11.62,127.0,11944.0,,,
2020-07-18,55.88,,,,15.0,173.0,14550.0,,,
2020-07-19,86.81,,,,15.23,143.0,14079.0,,,
2020-07-20,223.59,,,,10.02,92.0,8101.0,,,
2020-07-21,125.12,,,,10.05,95.0,7710.0,,,
2020-07-22,0.0,,,,10.23,114.0,7740.0,,,
2020-07-23,24.99,,,,14.01,106.0,10680.0,,,
2020-07-24,193.23999999999998,,,,14.88,109.0,11971.0,,,
2020-07-25,23.49,,,,15.49,112.0,12636.0,,,
2020-07-26,95.46,,,,11.08,85.0,9631.0,,,
2020-07-27,99.71,,,,10.01,83.0,9840.0,,,
2020-07-28,0.0,,,,13.99,111.0,13236.0,,,
2020-07-29,61.79,,,,10.57,89.0,8766.0,,,
2020-07-30,0.0,,,,10.16,95.0,8849.0,,,
2020-07-31,112.87,,,,10.02,67.0,9528.0,,,
2020-08-01,202.78,,,,10.02,73.0,10690.0,,,
2020-08-02,27.54,,,,9.91,89.0,11335.0,,,
2020-08-03,302.86999999999995,,,,7.109999999999999,41.0,9500.0,,,
2020-08-04,166.25,,,,0.67,3.0,956.0,,,
2020-08-05,160.36,,,,,,,,,
2020-08-06,152.34,,,,,,,,,
2020-08-07,103.91,,,,,,,,,
2020-08-08,23.49,,,,,,,,,
2020-08-09,0.0,,,,5.470000000000001,55.0,11750.0,,,
2020-08-10,213.86,,,,9.92,65.0,15126.0,,,
2020-08-11,79.15,,,,10.03,60.0,15119.0,,,
2020-08-12,142.54,,,,10.41,78.0,15264.0,,,
2020-08-13,24.49,,,,10.31,67.0,14378.0,,,
2020-08-14,158.64,,,,11.77,77.0,16256.0,,,
2020-08-15,0.0,,,,9.07,59.0,12510.0,,,
2020-08-16,129.58,,,,5.11,48.0,9456.0,,,
2020-08-17,71.52,,,,4.82,47.0,9351.0,,,
2020-08-18,49.98,,,,10.35,95.0,11902.0,,,
2020-08-19,48.12,,,,15.24,152.0,18615.0,,,
2020-08-20,107.03,,,,12.84,99.0,12450.0,,,
2020-08-21,0.0,,,,11.83,125.0,9917.0,,,
2020-08-22,118.3,,,,15.11,130.0,13962.0,,,
2020-08-23,101.15,,,,15.43,145.0,16707.0,,,
2020-08-24,98.59,,,,11.86,108.0,14654.0,,,
2020-08-25,115.24,,,,7.14,69.0,9193.0,,,
2020-08-26,245.24,,,,5.16,53.0,7150.0,,,
2020-08-27,48.82000000000001,,,,3.13,26.0,4310.0,,,
2020-08-28,230.39,,,,,,,,,
2020-08-29,62.47,,,,,,,,,
2020-08-30,0.0,,,,,,,,,
2020-08-31,91.9,,,,,,,,,
2020-09-01,195.24,,,,22.22,148.0,15332.0,,,
2020-09-02,420.03,,,,56.82,273.0,33362.0,,,
2020-09-03,221.54,,,,58.08,186.0,30606.0,,,
2020-09-04,323.14,,,,59.24,165.0,25565.0,,,
2020-09-05,0.0,,,,66.2,174.0,27863.0,,,
2020-09-06,0.0,,,,57.89,190.0,25806.0,,,
2020-09-07,48.98,,,,54.28,133.0,24114.0,,,
2020-09-08,296.25,,,,56.760000000000005,128.0,21123.0,,,
2020-09-09,60.65,,,,62.55,127.0,22456.0,,,
2020-09-10,92.73,,,,59.93,115.0,19661.0,,,
2020-09-11,445.49,,,,60.66,161.0,23881.0,,,
2020-09-12,22.14,,,,70.79,164.0,25418.0,,,
2020-09-13,316.42,,,,63.25,202.0,24676.0,,,
2020-09-14,593.32,,,,64.92,205.0,25574.0,,,
2020-09-15,345.1,,,,65.51,166.0,20678.0,,,
2020-09-16,239.22,,,,63.45,153.0,18088.0,,,
2020-09-17,245.73,,,,63.21,146.0,16660.0,,,
2020-09-18,257.15,,,,70.28,218.0,22588.0,,,
2020-09-19,60.81,,,,72.89,288.0,22245.0,,,
2020-09-20,24.99,,,,70.44,376.0,20443.0,,,
2020-09-21,787.91,,,,68.65,389.0,21484.0,,,
2020-09-22,307.26,,,,70.73,320.0,22305.0,,,
2020-09-23,174.88,,,,68.15,290.0,19945.0,,,
2020-09-24,297.59000000000003,,,,69.74,348.0,20416.0,,,
2020-09-25,247.82,,,,69.49,274.0,16146.0,,,
2020-09-26,94.85999999999999,,,,72.73,259.0,16295.0,,,
2020-09-27,210.07999999999998,,,,69.85,302.0,19227.0,,,
2020-09-28,186.16,,,,70.08,263.0,19594.0,,,
2020-09-29,306.77,,,,68.8,274.0,17518.0,,,
2020-09-30,150.32999999999998,,,,70.47999999999999,295.0,18817.0,,,
2020-10-01,458.27,,,,69.64,316.0,28361.0,,,
2020-10-02,521.37,,,,27.85,180.0,14460.0,,,
2020-10-03,0.0,,,,10.06,160.0,10740.0,,,
2020-10-04,83.42,,,,10.05,172.0,12971.0,,,
2020-10-05,84.97,,,,10.04,143.0,14795.0,,,
2020-10-06,192.03,,,,10.09,142.0,13021.0,,,
2020-10-07,0.0,,,,10.0,122.0,10700.0,,,
2020-10-08,145.13,,,,10.02,105.0,9398.0,,,
2020-10-09,437.09,,,,9.94,103.0,9655.0,,,
2020-10-10,0.0,,,,9.86,115.0,9553.0,,,
2020-10-11,17.99,,,,10.09,200.0,11090.0,,,
2020-10-12,310.48,,,,7.91,133.0,6928.0,,,
2020-10-13,142.29000000000002,,,,9.67,127.0,6584.0,,,
2020-10-14,149.38,,,,7.66,74.0,4995.0,,,
2020-10-15,135.8,,,,11.07,123.0,7841.0,,,
2020-10-16,54.31,,,,10.32,102.0,6492.0,,,
2020-10-17,95.26,,,,10.29,93.0,7281.0,,,
2020-10-18,50.37,,,,10.08,125.0,7790.0,,,
2020-10-19,121.49,,,,9.88,84.0,7679.0,,,
2020-10-20,210.79999999999998,,,,5.37,44.0,2886.0,,,
2020-10-21,231.75,,,,0.85,8.0,554.0,,,
2020-10-22,150.26999999999998,,,,0.58,5.0,366.0,,,
2020-10-23,116.89999999999999,,,,0.17,0.0,93.0,,,
2020-10-24,0.0,,,,0.53,9.0,317.0,,,
2020-10-25,0.0,,,,10.26,116.0,8330.0,,,
2020-10-26,136.16,,,,69.28,223.0,26141.0,,,
2020-10-27,190.53,,,,110.95,267.0,33272.0,,,
2020-10-28,161.63,,,,112.52,214.0,36214.0,,,
2020-10-29,236.01,,,,123.49,197.0,36735.0,,,
2020-10-30,43.17,,,,115.15,186.0,30736.0,,,
2020-10-31,99.19,,,,118.44,121.0,31914.0,,,
2020-11-01,96.94999999999999,,,,108.9,117.0,46757.0,,,
2020-11-02,129.65,,,,103.58,106.0,40078.0,,,
2020-11-03,102.8,,,,106.53,103.0,32326.0,,,
2020-11-04,213.96,,,,110.1,87.0,27103.0,,,
2020-11-05,191.29,,,,111.18,104.0,24692.0,,,
2020-11-06,265.22,,,,112.61,105.0,25795.0,,,
2020-11-07,97.54,,,,117.06,83.0,22255.0,,,
2020-11-08,52.27,,,,107.34,109.0,30719.0,,,
2020-11-09,631.84,,,,112.56,96.0,22975.0,,,
2020-11-10,23.88,,,,,,,,,
2020-11-11,229.53,,,,,,,,,
2020-11-12,251.8,,,,,,,,,
2020-11-13,7.48,,,,,,,,,
2020-11-14,52.900000000000006,,,,,,,,,
2020-11-15,5.5,,,,,,,,,
2020-11-16,67.92,,,,,,,,,
2020-11-17,168.94,,,,,,,,,
2020-11-18,257.3,,,,,,,,,
2020-11-19,232.04,,,,,,,,,
2020-11-20,232.68,,,,,,,,,
2020-11-21,57.82,,,,,,,,,
2020-11-22,131.28,,,,,,,,,
2020-11-23,162.34,,,,,,,,,
2020-11-24,488.1,,,,98.92,238.0,16600.0,,,
2020-11-25,56.93,,,,289.56,766.0,45187.0,,,
2020-11-26,159.69,,,,302.88,683.0,45608.0,,,
2020-11-27,235.46,,,,291.71,650.0,29539.0,,,
2020-11-28,273.33,,,,302.04999999999995,678.0,29439.0,,,
2020-11-29,165.63,,,,301.41,804.0,33935.0,,,
2020-11-30,1173.06,,,,286.08000000000004,700.0,33697.0,,,
2020-12-01,155.63,,,,,,,,,
2020-12-02,66.77,,,,,,,,,
2020-12-03,251.87,,,,,,,,,
2020-12-04,0.0,,,,,,,,,
2020-12-05,94.34,,,,,,,,,
2020-12-06,0.0,,,,,,,,,
2020-12-07,385.64,,,,,,,,,
2020-12-08,0.0,,,,,,,,,
2020-12-09,152.20999999999998,,,,53.28,297.0,7614.0,,,
2020-12-10,161.79000000000002,,,,148.7,1293.0,24667.0,,,
2020-12-11,119.88,,,,144.42,1062.0,23406.0,,,
2020-12-12,172.05999999999997,,,,149.56,960.0,24079.0,,,
2020-12-13,136.70000000000002,,,,149.55,1022.0,26011.0,,,
2020-12-14,268.53,,,,145.32,789.0,26310.0,,,
2020-12-15,72.27,,,,151.01999999999998,757.0,26527.0,,,
2020-12-16,188.1,,,,150.17,710.0,24394.0,,,
2020-12-17,252.88,,,,138.72,666.0,30517.0,,,
2020-12-18,351.05,,,,110.53,304.0,29638.0,,,
2020-12-19,130.59,,,,132.84,345.0,25765.0,,,
2020-12-20,339.75,,,,99.05,349.0,21920.0,,,
2020-12-21,329.08000000000004,,,,,,,,,
2020-12-22,219.68,,,,,,,,,
2020-12-23,42.66,,,,,,,,,
2020-12-24,114.88,,,,,,,,,
2020-12-25,20.99,,,,,,,,,
2020-12-26,0.0,,,,,,,,,
2020-12-27,63.96,,,,,,,,,
2020-12-28,54.23,,,,,,,,,
2020-12-29,62.99,,,,,,,,,
2020-12-30,103.57,,,,,,,,,
2020-12-31,84.1,,,,,,,,,
2021-01-01,0.0,,,,,,,,,
2021-01-02,126.5,,,,,,,,,
2021-01-03,173.5,,,,,,,,,
2021-01-04,275.47,,,,,,,,,
2021-01-05,201.25,,,,39.75,169.0,19731.0,,,
2021-01-06,341.11,,,,91.92,315.0,33166.0,,,
2021-01-07,323.63,,,,100.72,328.0,30203.0,,,
2021-01-08,581.87,,,,102.07,239.0,27097.0,,,
2021-01-09,243.35000000000002,,,,100.78,253.0,25775.0,,,
2021-01-10,0.0,,,,97.25,287.0,26659.0,,,
2021-01-11,266.73,,,,101.06,233.0,23836.0,,,
2021-01-12,152.16,,,,94.69,203.0,22742.0,,,
2021-01-13,85.31,,,,83.22999999999999,305.0,18006.0,,,
2021-01-14,102.64,,,,95.6,535.0,20877.0,,,
2021-01-15,334.07,,,,100.39,507.0,21816.0,,,
2021-01-16,0.0,,,,99.3,357.0,21134.0,,,
2021-01-17,169.20999999999998,,,,95.83,286.0,21344.0,,,
2021-01-18,266.04,,,,,,,,,
2021-01-19,85.61,,,,,,,,,
2021-01-20,233.25,,,,,,,,,
2021-01-21,203.15,,,,,,,,,
2021-01-22,122.26,,,,,,,,,
2021-01-23,0.0,,,,,,,,,
2021-01-24,172.69,,,,,,,,,
2021-01-25,204.3,,,,,,,,,
2021-01-26,238.35,,,,,,,,,
2021-01-27,531.65,,,,,,,,,
2021-01-28,21.42,,,,,,,,,
2021-01-29,0.0,,,,,,,,,
2021-01-30,0.0,,,,,,,,,
2021-01-31,131.11,,,,,,,,,
2021-02-01,481.03,,,,,,,,,
2021-02-02,226.2,,,,,,,,,
2021-02-03,83.75,,,,,,,,,
2021-02-04,61.88,,,,,,,,,
2021-02-05,141.89,,,,,,,,,
2021-02-06,241.26,,,,,,,,,
2021-02-07,105.57000000000001,,,,,,,,,
2021-02-08,339.62,,,,,,,,,
2021-02-09,0.0,,,,,,,,,
2021-02-10,113.18,,,,,,,,,
2021-02-11,109.46,,,,,,,,,
2021-02-12,111.02,,,,,,,,,
2021-02-13,321.26,,,,,,,,,
2021-02-14,133.76,,,,,,,,,
2021-02-15,1364.0,,,,,,,,,
2021-02-16,134.87,,,,23.31,73.0,6376.0,,,
2021-02-17,417.04,,,,50.06,122.0,8025.0,,,
2021-02-18,49.870000000000005,,,,18.35,45.0,2708.0,,,
2021-02-19,0.0,,,,,,,,,
2021-02-20,0.0,,,,,,,,,
2021-02-21,49.47,,,,,,,,,
2021-02-22,447.84000000000003,,,,,,,,,
2021-02-23,397.84000000000003,,,,,,,,,
2021-02-24,35.18,,,,,,,,,
2021-02-25,298.8,,,,,,,,,
2021-02-26,92.91,,,,,,,,,
2021-02-27,0.0,,,,,,,,,
2021-02-28,0.0,,,,,,,,,
2021-03-01,95.58999999999999,,,,,,,,,
2021-03-02,75.36,,,,,,,,,
2021-03-03,64.86,,,,,,,,,
2021-03-04,50.49,,,,,,,,,
2021-03-05,108.4,,,,23.24,269.0,15455.0,,,
2021-03-06,177.82999999999998,,,,23.16,305.0,14810.0,,,
2021-03-07,0.0,,,,20.14,288.0,16829.0,,,
2021-03-08,440.2000000000001,,,,20.06,242.0,18363.0,,,
2021-03-09,68.78,,,,20.07,250.0,17862.0,,,
2021-03-10,124.87,,,,20.18,313.0,14640.0,,,
2021-03-11,312.0,,,,19.92,253.0,11473.0,,,
2021-03-12,259.63,,,,19.99,194.0,11534.0,,,
2021-03-13,81.36,,,,19.64,255.0,11048.0,,,
2021-03-14,52.17,,,,20.18,250.0,12764.0,,,
2021-03-15,173.3,,,,20.07,273.0,12957.0,,,
2021-03-16,105.35,,,,20.09,207.0,12172.0,,,
2021-03-17,131.96,,,,20.11,239.0,11766.0,,,
2021-03-18,255.44,,,,20.08,220.0,12211.0,,,
2021-03-19,149.82999999999998,,,,19.9,161.0,13405.0,,,
2021-03-20,131.3,,,,19.57,199.0,12114.0,,,
2021-03-21,324.19,,,,20.21,249.0,13811.0,,,
2021-03-22,243.85,,,,20.15,234.0,12578.0,,,
2021-03-23,341.97,,,,20.03,223.0,13130.0,,,
2021-03-24,62.56,,,,20.01,198.0,10987.0,,,
2021-03-25,0.0,,,,8.58,84.0,4775.0,,,
2021-03-26,331.48,,,,,,,,,
2021-03-27,185.21,,,,23.52,99.0,3653.0,,,
2021-03-28,131.76,,,,20.27,89.0,3181.0,,,
2021-03-29,0.0,,,,20.27,88.0,3476.0,,,
2021-03-30,57.18,,,,92.08,361.0,124091.0,,,
2021-03-31,751.8100000000001,,,,148.45,504.0,153433.0,,,
2021-04-01,57.77,,,,145.32,448.0,145610.0,,,
2021-04-02,68.97,,,,144.51,418.0,136517.0,,,
2021-04-03,177.70999999999998,,,,154.91,435.0,155541.0,,,
2021-04-04,529.5699999999999,,,,147.41,448.0,176569.0,,,
2021-04-05,0.0,,,,146.07,495.0,170964.0,,,
2021-04-06,654.8699999999999,,,,149.75,431.0,136234.0,,,
2021-04-07,652.8700000000001,,,,149.17,496.0,126734.0,,,
2021-04-08,262.76,,,,145.09,408.0,117186.0,,,
2021-04-09,311.6,,,,152.81,394.0,117098.0,,,
2021-04-10,5.5,,,,159.7,432.0,127063.0,,,
2021-04-11,204.19,,,,148.32,422.0,148925.0,,,
2021-04-12,173.23000000000002,,,,144.28,374.0,133785.0,,,
2021-04-13,284.47,,,,141.96,336.0,105066.0,,,
2021-04-14,404.38,,,,151.43,370.0,104490.0,,,
2021-04-15,0.0,,,,154.42,394.0,108522.0,,,
2021-04-16,295.43999999999994,,,,153.13,379.0,115264.0,,,
2021-04-17,328.90000000000003,,,,156.46,448.0,117959.0,,,
2021-04-18,14.36,,,,148.48999999999998,475.0,139480.0,,,
2021-04-19,234.5,,,,146.49,414.0,132998.0,,,
2021-04-20,71.36,,,,148.22,420.0,120024.0,,,
2021-04-21,0.0,,,,146.73000000000002,396.0,110142.0,,,
2021-04-22,96.94999999999999,,,,52.150000000000006,200.0,28660.0,,,
2021-04-23,300.2,,,,91.94,298.0,57910.0,,,
2021-04-24,68.08,,,,93.53,368.0,61909.0,,,
2021-04-25,434.17,,,,94.88,433.0,80013.0,,,
2021-04-26,573.55,,,,70.52,343.0,53075.0,,,
2021-04-27,398.13,,,,20.0,243.0,4556.0,,,
2021-04-28,146.19,,,,19.95,189.0,4673.0,,,
2021-04-29,316.36,,,,20.18,179.0,4163.0,,,
2021-04-30,409.89,,,,20.02,184.0,3721.0,,,
2021-05-01,66.96,,,,19.67,200.0,4840.0,,,
2021-05-02,91.3,,,,20.05,219.0,5160.0,,,
2021-05-03,543.89,,,,35.97,460.0,9342.0,,,
2021-05-04,142.47,,,,86.28999999999999,998.0,23828.0,,,
2021-05-05,406.23,,,,99.88,1054.0,23801.0,,,
2021-05-06,244.29000000000002,,,,119.46,1129.0,27097.0,,,
2021-05-07,321.34,,,,128.73000000000002,1129.0,29016.0,,,
2021-05-08,0.0,,,,126.16,1123.0,28105.0,,,
2021-05-09,125.94,,,,128.64,1117.0,32894.0,,,
2021-05-10,23.34,,,,130.18,1175.0,34444.0,,,
2021-05-11,465.85,,,,130.4,1124.0,31776.0,,,
2021-05-12,362.37,,,,129.43,1061.0,30284.0,,,
2021-05-13,667.47,,,,130.25,1000.0,29174.0,,,
2021-05-14,101.66,,,,119.19,966.0,27637.0,,,
2021-05-15,542.51,,,,117.41,1007.0,29091.0,,,
2021-05-16,120.14,,,,118.0,1069.0,32977.0,,,
2021-05-17,485.98,,,,118.88,966.0,32363.0,,,
2021-05-18,442.93,,,,121.22,937.0,28637.0,,,
2021-05-19,588.1199999999999,,,,119.06,914.0,27432.0,,,
2021-05-20,0.0,,,,120.86,801.0,29159.0,,,
2021-05-21,161.28,,,,120.9,710.0,26217.0,,,
2021-05-22,0.0,,,,121.06,758.0,26925.0,,,
2021-05-23,102.92,,,,119.55,846.0,30701.0,,,
2021-05-24,292.89,,,,119.66,854.0,30912.0,,,
2021-05-25,426.34000000000003,,,,119.62,765.0,28152.0,,,
2021-05-26,136.43,,,,100.95,600.0,21373.0,,,
2021-05-27,366.42,,,,85.84,575.0,18154.0,,,
2021-05-28,636.7500000000001,,,,88.22999999999999,551.0,19047.0,,,
2021-05-29,210.61,,,,89.57,533.0,17836.0,,,
2021-05-30,52.98,,,,90.34,625.0,20131.0,,,
2021-05-31,1028.63,,,,89.75,667.0,22289.0,,,
2021-06-01,87.55,,,,89.06,650.0,22829.0,,,
2021-06-02,191.55,,,,89.29,706.0,23692.0,,,
2021-06-03,380.77,,,,89.26,667.0,24064.0,,,
2021-06-04,128.38,,,,91.24,578.0,22047.0,,,
2021-06-05,49.51,,,,91.05,742.0,22170.0,,,
2021-06-06,235.56,,,,89.8,909.0,25618.0,,,
2021-06-07,212.56,,,,88.83,845.0,26103.0,,,
2021-06-08,234.76,,,,89.35,862.0,25388.0,,,
2021-06-09,162.88,,,,89.5,786.0,21129.0,,,
2021-06-10,0.0,,,,89.17,748.0,21564.0,,,
2021-06-11,42.66,,,,92.49,701.0,22777.0,,,
2021-06-12,225.74,,,,90.81,667.0,20298.0,,,
2021-06-13,131.43,,,,88.49,784.0,20566.0,,,
2021-06-14,659.96,,,,88.01,661.0,22299.0,,,
2021-06-15,335.51,,,,90.6,694.0,22246.0,,,
2021-06-16,522.27,,,,89.92,669.0,20874.0,,,
2021-06-17,190.33,,,,67.89,580.0,17418.0,,,
2021-06-18,357.96,,,,50.44,518.0,13363.0,,,
2021-06-19,0.0,,,,49.61,528.0,13867.0,,,
2021-06-20,24.99,,,,50.44,596.0,17118.0,,,
2021-06-21,264.2,,,,50.06999999999999,646.0,16731.0,,,
2021-06-22,423.61,,,,50.2,594.0,16176.0,,,
2021-06-23,443.36,,,,49.7,561.0,15644.0,,,
2021-06-24,458.6499999999999,,,,49.47,535.0,14763.0,,,
2021-06-25,0.0,,,,49.620000000000005,556.0,14604.0,,,
2021-06-26,142.28,,,,50.5,508.0,14369.0,,,
2021-06-27,0.0,,,,50.23,543.0,15500.0,,,
2021-06-28,427.47,,,,49.88,548.0,15807.0,,,
2021-06-29,183.66,,,,50.34,563.0,15113.0,,,
2021-06-30,188.3,,,,50.14,587.0,16033.0,,,
2021-07-01,407.01,,,,50.24,663.0,18572.0,,,
2021-07-02,135.64,,,,34.9,397.0,10372.0,,,
2021-07-03,178.10999999999999,,,,19.52,139.0,4255.0,,,
2021-07-04,0.0,,,,20.14,182.0,4313.0,,,
2021-07-05,281.73999999999995,,,,20.05,158.0,4463.0,,,
2021-07-06,403.77,,,,20.09,152.0,4344.0,,,
2021-07-07,384.84000000000003,,,,20.14,116.0,4493.0,,,
2021-07-08,81.9,,,,19.75,159.0,3849.0,,,
2021-07-09,119.13,,,,19.84,116.0,3629.0,,,
2021-07-10,97.16,,,,19.99,103.0,3309.0,,,
2021-07-11,123.94,,,,20.31,150.0,3648.0,,,
2021-07-12,523.13,,,,19.71,160.0,5433.0,,,
2021-07-13,258.82,,,,20.08,164.0,4902.0,,,
2021-07-14,347.28,,,,20.09,141.0,3863.0,,,
2021-07-15,383.37,,,,20.08,155.0,3468.0,,,
2021-07-16,91.87,,,,6.04,45.0,1025.0,,,
2021-07-17,80.13,,,,,,,,,
2021-07-18,251.1,,,,,,,,,
2021-07-19,285.41,,,,,,,,,
2021-07-20,97.14,,,,,,,,,
2021-07-21,158.54,,,,,,,,,
2021-07-22,644.75,,,,,,,,,
2021-07-23,201.6,,,,,,,,,
2021-07-24,0.0,,,,,,,,,
2021-07-25,22.99,,,,,,,,,
2021-07-26,77.36,,,,,,,,,
2021-07-27,305.59000000000003,,,,,,,,,
2021-07-28,80.66,,,,,,,,,
2021-07-29,257.24,,,,,,,,,
2021-07-30,370.63000000000005,,,,,,,,,
2021-07-31,236.62,,,,,,,,,
2021-08-01,14.39,,,,,,,,,
2021-08-02,436.63,28.45,23.0,184.0,277.34000000000003,399.0,73760.0,,,
2021-08-03,279.09,29.95,28.0,420.0,279.56,408.0,54390.0,,,
2021-08-04,480.74,54.85,50.0,3429.0,281.73,432.0,56701.0,,,
2021-08-05,439.82,125.73,127.0,10184.0,269.17,456.0,65392.0,,,
2021-08-06,89.52,96.65,101.0,9051.0,262.22,332.0,58667.0,,,
2021-08-07,250.26,92.81,115.0,11405.0,273.69,418.0,56333.0,,,
2021-08-08,41.66,110.94,134.0,13395.0,246.52,434.0,59889.0,,,
2021-08-09,1398.67,73.24000000000001,97.0,9476.0,237.88,456.0,68338.0,,,
2021-08-10,178.57,50.54,71.0,4836.0,235.39,434.0,51372.0,,,
2021-08-11,502.9,61.63,111.0,10823.0,232.99,361.0,47387.0,,,
2021-08-12,198.12,109.32,190.0,21956.0,235.24,326.0,46775.0,,,
2021-08-13,72.97,60.86,143.0,23036.0,229.04,346.0,49252.0,,,
2021-08-14,157.68,78.25999999999999,172.0,23378.0,239.07,340.0,53712.0,,,
2021-08-15,38.74,53.329837000000005,120.0,20064.0,233.0,325.0,53044.0,,,
2021-08-16,863.05,85.77,186.0,27017.0,230.29,319.0,58504.0,,,
2021-08-17,239.25,60.48,151.0,26151.0,241.82,300.0,46334.0,,,
2021-08-18,104.54,82.12,191.0,31048.0,240.3,332.0,43239.0,,,
2021-08-19,1012.57,119.931115,225.0,30016.0,232.09,363.0,36669.0,,,
2021-08-20,344.5300000000001,74.5,163.0,25106.0,226.53,346.0,44324.0,,,
2021-08-21,110.94,83.6,185.0,28457.0,240.92,342.0,44918.0,,,
2021-08-22,200.12,85.32000000000001,195.0,26884.0,235.91,354.0,41326.0,,,
2021-08-23,838.86,73.47,156.0,18329.0,231.93,329.0,43341.0,,,
2021-08-24,383.24,24.28,50.0,7992.0,232.11,330.0,39056.0,,,
2021-08-25,442.47,,,,236.98,360.0,37702.0,,,
2021-08-26,271.3,14.66,20.0,2040.0,227.83,339.0,36767.0,,,
2021-08-27,708.3900000000001,110.51,201.0,29414.0,228.97,392.0,38277.0,,,
2021-08-28,216.51999999999998,67.509823,137.0,19244.0,241.09,404.0,41322.0,,,
2021-08-29,202.22,79.80374,157.0,20535.0,235.73,432.0,39796.0,,,
2021-08-30,949.5799999999998,110.783116,225.0,25920.0,233.61,390.0,42472.0,,,
2021-08-31,591.9300000000001,106.086292,223.0,23596.0,234.59,498.0,38685.0,,,
2021-09-01,421.24,91.58,207.0,25338.0,230.82,452.0,41900.0,,,
2021-09-02,948.4199999999998,88.99,208.0,23894.0,236.65,440.0,37047.0,,,
2021-09-03,49.38,80.2,145.0,23932.0,238.26,459.0,34980.0,,,
2021-09-04,74.77,74.68,175.0,20702.0,256.19,469.0,39362.0,,,
2021-09-05,191.92,75.546993,156.0,17348.0,256.23,544.0,41434.0,,,
2021-09-06,1120.56,73.990152,193.0,24089.0,246.73,608.0,43358.0,,,
2021-09-07,625.1,74.17,202.0,25321.0,190.37,763.0,30541.0,,,
2021-09-08,436.47,73.422292,190.0,24785.0,222.01,1024.0,42281.0,,,
2021-09-09,409.43,46.28,159.0,16745.0,288.73,2698.0,80388.0,,,
2021-09-10,199.92,68.67058,186.0,19385.0,229.62,705.0,36063.0,,,
2021-09-11,553.34,61.35,186.0,16690.0,352.68,3118.0,108661.0,,,
2021-09-12,84.83,83.81,211.0,14989.0,282.22,3724.0,146181.0,,,
2021-09-13,789.9799999999999,103.952742,247.0,17531.0,262.71000000000004,3109.0,213316.0,,,
2021-09-14,729.8199999999998,85.94,192.0,16427.0,222.41,2751.0,207441.0,,,
2021-09-15,2683.58,289.181252,425.0,22864.0,937.1,4696.0,537138.0,,,
2021-09-16,2193.74,183.578434,273.0,15212.0,1159.5,3927.0,458915.0,,,
2021-09-17,1275.6700000000003,176.07,292.0,17062.0,1167.18,3858.0,449094.0,,,
2021-09-18,564.1,159.99,225.0,10733.0,1189.96,3981.0,469118.0,,,
2021-09-19,1311.2099999999998,160.94,297.0,16220.0,1207.61,4643.0,533929.0,,,
2021-09-20,3085.2700000000004,188.73,338.0,20513.0,1145.76,3317.0,448150.0,,,
2021-09-21,3303.31,187.13,338.0,19207.0,1259.52,3438.0,391089.0,,,
2021-09-22,1273.21,157.32,240.0,14423.0,380.39,1782.0,163776.0,,,
2021-09-23,2061.7799999999997,119.7,258.0,20918.0,242.43,914.0,87648.0,,,
2021-09-24,1915.31,106.51,215.0,20247.0,291.35,851.0,84750.0,,,
2021-09-25,2244.2599999999998,91.23,173.0,14722.0,284.96,567.0,55697.0,,,
2021-09-26,1534.4899999999998,100.740004,205.0,13381.0,271.47,581.0,55662.0,,,
2021-09-27,1949.6000000000004,135.15,246.0,16362.0,270.36,583.0,57776.0,,,
2021-09-28,1388.39,96.77,205.0,15465.0,264.34,506.0,53330.0,,,
2021-09-29,2475.84,90.03999999999999,218.0,17382.0,267.24,398.0,49950.0,,,
2021-09-30,1119.5700000000002,107.9,252.0,15157.0,272.69,437.0,50463.0,,,
2021-10-01,2654.26,86.45,202.0,10833.0,298.39,497.0,63555.0,,,
2021-10-02,821.4899999999997,39.54,108.0,8174.0,316.73,509.0,72502.0,,,
2021-10-03,785.85,31.21,95.0,7017.0,321.24,552.0,74219.0,,,
2021-10-04,1158.8,75.60000000000001,196.0,15263.0,229.89,391.0,55850.0,,,
2021-10-05,1487.09,70.11,143.0,10560.0,263.34,453.0,56572.0,,,
2021-10-06,403.25000000000006,89.02,229.0,19988.0,266.26,407.0,52230.0,,,
2021-10-07,829.77,51.54,149.0,9271.0,233.29,392.0,39244.0,,,
2021-10-08,644.01,65.82,141.0,12675.0,207.91,254.0,43236.0,,,
2021-10-09,188.31,77.09,167.0,11567.0,219.67,259.0,43921.0,,,
2021-10-10,1104.16,57.73,152.0,11450.0,203.49,260.0,41940.0,,,
2021-10-11,2125.8400000000006,72.85,168.0,10996.0,188.13,255.0,34961.0,,,
2021-10-12,680.73,90.29,203.0,17092.0,157.36,196.0,28263.0,,,
2021-10-13,944.1700000000001,80.74,235.0,25262.0,265.52,410.0,44375.0,,,
2021-10-14,467.44,52.86,138.0,4778.0,248.5,340.0,36545.0,,,
2021-10-15,743.8,66.85,153.0,15764.0,251.13,335.0,44323.0,,,
2021-10-16,622.97,36.95,75.0,6458.0,259.04,355.0,49196.0,,,
2021-10-17,347.33,36.924604,97.0,14517.0,243.64,404.0,49146.0,,,
2021-10-18,565.95,47.045722,143.0,18468.0,239.69,406.0,47640.0,,,
2021-10-19,517.34,44.357449,142.0,17808.0,272.09000000000003,332.0,44999.0,,,
2021-10-20,636.24,44.529686,125.0,15906.0,285.28,366.0,48333.0,,,
2021-10-21,570.97,51.777336,163.0,14338.0,309.38,443.0,57200.0,,,
2021-10-22,614.6000000000001,33.5,122.0,11371.0,329.99,536.0,56538.0,,,
2021-10-23,362.51,26.77,107.0,11333.0,334.7,653.0,69501.0,,,
2021-10-24,138.13,19.66922,75.0,11156.0,330.02000000000004,655.0,75388.0,,,
2021-10-25,1140.0400000000002,52.05,156.0,17435.0,337.73,685.0,80917.0,,,
2021-10-26,218.86,64.190912,181.0,22206.0,324.88,722.0,68626.0,,,
2021-10-27,1093.65,53.581648,175.0,24229.0,445.82,796.0,93801.0,,,
2021-10-28,1385.2000000000005,29.49,110.0,18739.0,341.06,550.0,77161.0,,,
2021-10-29,507.11,47.050977,154.0,18377.0,347.05,519.0,78438.0,,,
2021-10-30,265.44,34.954837,155.0,17995.0,354.99,626.0,79977.0,,,
2021-10-31,332.33,32.224074,157.0,16456.0,366.12,631.0,100442.0,,,
2021-11-01,797.03,41.17,184.0,25582.0,355.61,794.0,106865.0,,,
2021-11-02,1189.0400000000002,41.406382,196.0,22893.0,444.64,710.0,123143.0,,,
2021-11-03,430.75,44.128483,201.0,24162.0,320.43,482.0,74455.0,,,
2021-11-04,67.12,23.276985,64.0,4399.0,430.15,525.0,99518.0,,,
2021-11-05,143.19,21.008488,61.0,5447.0,412.99,491.0,79028.0,,,
2021-11-06,303.6,15.878487,49.0,3444.0,391.49,496.0,78289.0,,,
2021-11-07,209.0,16.250239999999998,62.0,5431.0,398.56,550.0,86479.0,,,
2021-11-08,594.1800000000001,24.02433,71.0,4794.0,386.78,471.0,85920.0,,,
2021-11-09,642.8100000000001,31.300019,69.0,4505.0,434.7,773.0,75168.0,,,
2021-11-10,95.16,26.784173,83.0,6206.0,394.43,678.0,75800.0,,,
2021-11-11,374.63,22.340512,59.0,3464.0,372.15,593.0,62004.0,,,
2021-11-12,561.32,21.921137,59.0,2780.0,372.0,585.0,56824.0,,,
2021-11-13,113.06,12.46734,51.0,3623.0,383.67,504.0,54617.0,,,
2021-11-14,328.97,14.644131,38.0,3376.0,385.59,576.0,65591.0,,,
2021-11-15,676.8399999999999,18.344253,62.0,4133.0,401.2,656.0,72732.0,,,
2021-11-16,3958.99,28.752364,69.0,3145.0,273.97,233.0,30949.0,,,
2021-11-17,848.67,23.440677,70.0,3927.0,334.41,434.0,47374.0,,,
2021-11-18,455.95,20.950592,46.0,4147.0,374.9,472.0,48998.0,,,
2021-11-19,615.8,24.296492,56.0,3935.0,383.21,377.0,47541.0,,,
2021-11-20,395.79,18.447192,47.0,3609.0,397.4,445.0,49742.0,,,
2021-11-21,353.31,14.648229,50.0,4798.0,389.39,492.0,54150.0,,,
2021-11-22,661.78,20.351518,60.0,3860.0,276.89,250.0,40580.0,,,
2021-11-23,795.13,19.789219,47.0,2270.0,228.92,147.0,31977.0,,,
2021-11-24,1107.05,20.613987,62.0,3904.0,404.16,371.0,56157.0,,,
2021-11-25,1147.34,18.794811000000003,46.0,1764.0,397.26,293.0,44014.0,,,
2021-11-26,1161.4,17.368170000000003,42.0,2130.0,450.89,329.0,46624.0,,,
2021-11-27,17.19,9.133068,31.0,2002.0,498.59,452.0,58945.0,,,
2021-11-28,459.28,17.60207,41.0,2680.0,523.58,522.0,69070.0,,,
2021-11-29,629.63,32.395898,54.0,2490.0,501.0,527.0,68129.0,,,
2021-11-30,728.31,18.023386,44.0,3445.0,463.71,493.0,62466.0,,,
2021-12-01,827.0600000000001,20.724003000000003,53.0,3703.0,442.19,587.0,73397.0,,,
2021-12-02,600.8,18.006798,56.0,4069.0,450.28,531.0,72508.0,,,
2021-12-03,384.53,26.646668,47.0,3264.0,264.53000000000003,181.0,35940.0,,,
2021-12-04,187.12,35.126115,53.0,4102.0,270.22,212.0,36035.0,,,
2021-12-05,183.57999999999998,31.880409,54.0,3562.0,272.29,235.0,40157.0,,,
2021-12-06,439.15,42.316595,42.0,3468.0,252.25,257.0,37253.0,,,
2021-12-07,353.79999999999995,42.278514,56.0,3252.0,251.56,231.0,33121.0,,,
2021-12-08,451.41,36.886637,83.0,4295.0,237.24,207.0,42103.0,,,
2021-12-09,559.26,38.523075,76.0,4056.0,244.63,219.0,32958.0,,,
2021-12-10,557.01,35.574672,67.0,4500.0,243.63,180.0,25398.0,,,
2021-12-11,60.67,33.661544,59.0,3923.0,253.62,226.0,32595.0,,,
2021-12-12,385.13,34.748712,47.0,2232.0,257.47,260.0,33676.0,,,
2021-12-13,340.0299999999999,36.706361,60.0,4709.0,231.27,166.0,32344.0,,,
2021-12-14,480.35,25.52767,52.0,4891.0,253.01,205.0,28080.0,,,
2021-12-15,445.14,27.636007000000003,46.0,2045.0,259.89,162.0,27090.0,,,
2021-12-16,417.07,29.119085,52.0,2750.0,202.45,111.0,20931.0,,,
2021-12-17,164.11999999999998,15.254038,40.0,1846.0,179.12,120.0,17297.0,,,
2021-12-18,315.28,17.794001,41.0,1927.0,185.63,140.0,19404.0,,,
2021-12-19,404.46999999999997,24.233198,50.0,2943.0,187.51,115.0,18680.0,,,
2021-12-20,648.88,29.374538,44.0,1834.0,208.48,131.0,23142.0,,,
2021-12-21,456.53000000000003,38.204409,54.0,2171.0,230.88,136.0,27737.0,,,
2021-12-22,513.59,38.222601,50.0,1375.0,185.15,93.0,26575.0,,,
2021-12-23,549.5799999999999,26.651641,48.0,1986.0,38.7,23.0,4581.0,,,
2021-12-24,0.0,20.684467,27.0,833.0,9.52,9.0,1748.0,,,
2021-12-25,63.55,10.11,14.0,104.0,9.32,6.0,1955.0,,,
2021-12-26,104.44999999999999,26.16,20.0,265.0,7.98,9.0,2038.0,,,
2021-12-27,607.0500000000001,24.33,25.0,192.0,8.02,12.0,1870.0,,,
2021-12-28,56.57,21.13,28.0,209.0,8.05,16.0,1830.0,,,
2021-12-29,562.78,18.68,26.0,182.0,7.91,7.0,2035.0,,,
2021-12-30,669.8,17.0,20.0,189.0,7.72,11.0,2176.0,,,
2021-12-31,972.0999999999999,10.31,15.0,120.0,7.81,6.0,2141.0,,,
2022-01-01,1618.8000000000002,10.04,17.0,158.0,8.51,12.0,2927.0,,,
2022-01-02,2512.0,24.38,23.0,386.0,2.51,3.0,588.0,,,
2022-01-03,3111.8599999999997,5.63,7.0,123.0,,,,,,
2022-01-04,2723.7100000000005,6.82,3.0,38.0,,,,,,
2022-01-05,2584.569999999999,5.87,13.0,41.0,,,,,,
2022-01-06,2044.21,5.26,21.0,48.0,,,,,,
2022-01-07,2643.54,3.63,29.0,68.0,,,,,,
2022-01-08,2483.4700000000003,4.44,20.0,55.0,,,,,,
2022-01-09,2756.0199999999995,4.7,12.0,42.0,,,,,,
2022-01-10,3594.53,4.9,26.0,69.0,,,,,,
2022-01-11,3738.37,5.08,24.0,89.0,,,,,,
2022-01-12,3982.4799999999996,4.73,42.0,75.0,,,,,,
2022-01-13,4595.25,4.89,37.0,63.0,,,,,,
2022-01-14,3196.269999999999,5.26,26.0,64.0,,,,,,
2022-01-15,2190.14,2.94,26.0,67.0,,,,,,
2022-01-16,2393.94,3.98,25.0,52.0,,,,,,
2022-01-17,4962.120000000001,5.33,26.0,79.0,,,,,,
2022-01-18,3599.71,7.74,37.0,93.0,,,,,,
2022-01-19,2862.31,4.5,32.0,78.0,,,,,,
2022-01-20,3283.6000000000004,3.68,23.0,75.0,,,,,,
2022-01-21,2926.4100000000003,4.08,31.0,86.0,,,,,,
2022-01-22,1865.26,3.77,19.0,46.0,,,,,,
2022-01-23,2735.1200000000003,4.57,24.0,71.0,,,,,,
2022-01-24,2685.9300000000003,9.48,36.0,93.0,,,,,,
2022-01-25,3119.6099999999997,5.22,29.0,132.0,,,,,,
2022-01-26,3155.5099999999998,7.96,28.0,115.0,,,,,,
2022-01-27,3186.73,6.38,36.0,140.0,,,,,,
2022-01-28,1917.1800000000005,3.28,9.0,42.0,,,,,,
2022-01-29,2050.19,4.85,14.0,63.0,,,,,,
2022-01-30,2219.29,3.18,8.0,29.0,,,,,,
2022-01-31,3246.77,2.69,32.0,76.0,,,,,,
2022-02-01,3275.73,6.55,32.0,93.0,,,,,,
2022-02-02,3508.58,6.41,39.0,109.0,,,,,,
2022-02-03,2709.2999999999993,4.74,27.0,92.0,,,,,,
2022-02-04,2406.39,2.77,28.0,79.0,,,,,,
2022-02-05,1909.75,2.31,17.0,44.0,,,,,,
2022-02-06,2448.739999999999,3.86,19.0,65.0,,,,,,
2022-02-07,3228.9999999999995,10.0,45.0,117.0,10.26,30.0,2017.0,,,
2022-02-08,3351.89,7.86,48.0,123.0,29.16,68.0,3995.0,,,
2022-02-09,3865.1900000000005,7.64,40.0,89.0,28.78,58.0,4341.0,,,
2022-02-10,4560.280000000001,6.78,50.0,116.0,29.57,63.0,5040.0,,,
2022-02-11,3550.8,4.36,36.0,87.0,29.7,67.0,6443.0,,,
2022-02-12,2534.77,4.7,26.0,73.0,31.45,75.0,7157.0,,,
2022-02-13,3184.0800000000004,4.08,33.0,91.0,29.07,62.0,7703.0,,,
2022-02-14,4074.99,5.13,35.0,103.0,29.01,45.0,8656.0,,,
2022-02-15,3819.5699999999997,6.0,39.0,112.0,30.4,37.0,7907.0,,,
2022-02-16,2957.43,6.44,41.0,106.0,29.64,55.0,6786.0,,,
2022-02-17,3622.8100000000004,5.54,28.0,118.0,30.21,57.0,7012.0,,,
2022-02-18,1805.6599999999999,3.6,16.0,48.0,29.89,57.0,7451.0,,,
2022-02-19,2157.17,6.91,17.0,35.0,31.78,81.0,7323.0,,,
2022-02-20,2578.51,4.57,34.0,54.0,30.15,64.0,7402.0,,,
2022-02-21,3466.1600000000003,6.61,32.0,56.0,30.06,49.0,8511.0,,,
2022-02-22,3187.9799999999996,4.98,25.0,66.0,30.12,45.0,7540.0,,,
2022-02-23,2525.6499999999996,2.95,28.0,95.0,29.62,54.0,7038.0,,,
2022-02-24,2744.7799999999997,5.83,32.0,78.0,28.94,51.0,7927.0,,,
2022-02-25,2154.03,2.95,28.0,69.0,29.4,41.0,7737.0,,,
2022-02-26,1705.55,3.26,16.0,55.0,31.71,54.0,8697.0,,,
2022-02-27,1980.2600000000002,3.57,17.0,66.0,30.2,53.0,8781.0,,,
2022-02-28,4427.419999999998,10.04,33.0,121.0,27.31,46.0,7699.0,,,
2022-03-01,3263.3,6.26,29.0,83.0,,,,,,
2022-03-02,2277.76,6.07,28.0,85.0,,,,,,
2022-03-03,2263.7599999999998,6.41,25.0,89.0,,,,,,
2022-03-04,1986.23,5.76,34.0,88.0,20.41,71.0,4459.0,,,
2022-03-05,2494.09,4.45,24.0,61.0,27.08,78.0,5422.0,,,
2022-03-06,3140.4700000000003,4.53,21.0,68.0,28.81,64.0,6404.0,,,
2022-03-07,3023.6900000000005,4.95,32.0,73.0,30.51,75.0,7409.0,,,
2022-03-08,1837.77,5.35,31.0,102.0,29.32,56.0,7393.0,,,
2022-03-09,2760.07,3.96,23.0,83.0,29.29,72.0,6900.0,,,
2022-03-10,2611.75,5.38,40.0,80.0,30.77,48.0,8095.0,,,
2022-03-11,2052.48,2.96,23.0,58.0,29.54,52.0,8067.0,,,
2022-03-12,1347.4299999999998,2.02,14.0,59.0,31.76,62.0,8432.0,,,
2022-03-13,1962.2500000000005,5.23,29.0,80.0,29.38,48.0,8036.0,,,
2022-03-14,3008.8999999999996,5.23,32.0,100.0,30.4,54.0,8608.0,,,
2022-03-15,3079.5299999999997,5.91,29.0,133.0,30.31,43.0,8108.0,,,
2022-03-16,2805.9900000000002,7.41,42.0,128.0,8.2,13.0,1915.0,,,
2022-03-17,2407.59,6.05,38.0,128.0,,,,,,
2022-03-18,2345.5600000000004,3.47,15.0,52.0,11.24,17.0,3194.0,,,
2022-03-19,1953.5900000000006,3.31,21.0,64.0,28.45,34.0,6970.0,,,
2022-03-20,2780.2,5.66,31.0,70.0,30.09,45.0,8701.0,,,
2022-03-21,4004.06,4.69,40.0,126.0,30.24,39.0,9002.0,,,
2022-03-22,2938.5499999999997,4.27,38.0,126.0,34.7,36.0,9927.0,,,
2022-03-23,3093.39,5.26,32.0,117.0,43.33,88.0,10636.0,,,
2022-03-24,3212.34,3.52,30.0,86.0,45.09,81.0,11389.0,,,
2022-03-25,2099.4900000000002,4.49,31.0,103.0,44.84,106.0,10462.0,,,
2022-03-26,2571.16,4.93,56.0,94.0,45.81,129.0,10934.0,,,
2022-03-27,2204.2200000000003,2.92,20.0,69.0,44.74,143.0,12757.0,,,
2022-03-28,2807.29,5.85,42.0,99.0,44.48,150.0,11932.0,,,
2022-03-29,2572.72,5.74,46.0,128.0,43.71,156.0,9965.0,,,
2022-03-30,2378.9300000000003,6.26,42.0,103.0,43.34,157.0,10289.0,,,
2022-03-31,2723.84,3.7,32.0,70.0,43.13,137.0,10177.0,,,
2022-04-01,2279.3700000000003,4.24,36.0,98.0,44.36,149.0,12206.0,,,
2022-04-02,1611.91,4.73,33.0,80.0,49.02,167.0,12542.0,,,
2022-04-03,2469.57,4.51,34.0,83.0,45.65,136.0,12292.0,,,
2022-04-04,3057.49,5.44,41.0,130.0,45.49,138.0,11658.0,,,
2022-04-05,2857.5000000000005,6.13,34.0,110.0,42.75,150.0,11950.0,,,
2022-04-06,4627.170000000001,7.49,55.0,117.0,43.66,140.0,12159.0,,,
2022-04-07,4873.040000000001,6.52,44.0,117.0,43.62,175.0,10862.0,,,
2022-04-08,3533.3599999999997,3.29,31.0,118.0,43.3,160.0,10705.0,,,
2022-04-09,3083.6700000000005,4.86,33.0,85.0,47.93,147.0,11213.0,,,
2022-04-10,2238.71,4.55,39.0,116.0,46.71,152.0,11224.0,,,
2022-04-11,4053.810000000001,3.99,36.0,103.0,29.89,122.0,7462.0,,,
2022-04-12,2740.2599999999993,6.29,37.0,114.0,14.62,97.0,2834.0,,,
2022-04-13,2691.08,5.0,38.0,132.0,15.0,83.0,2729.0,,,
2022-04-14,2990.7000000000003,4.29,29.0,99.0,98.49,414.0,20266.0,,,
2022-04-15,2106.26,4.59,39.0,91.0,109.1,369.0,22882.0,,,
2022-04-16,1267.5400000000002,5.93,28.0,76.0,116.04,389.0,24316.0,,,
2022-04-17,1429.8000000000002,4.64,20.0,55.0,111.08,340.0,22282.0,,,
2022-04-18,1890.52,3.27,19.0,65.0,105.98,362.0,20668.0,,,
2022-04-19,4584.7300000000005,7.37,36.0,118.0,93.58,349.0,20005.0,,,
2022-04-20,5077.42,5.17,43.0,130.0,94.03,405.0,19894.0,,,
2022-04-21,3864.3700000000003,5.78,31.0,68.0,91.53,359.0,20631.0,,,
2022-04-22,3106.3100000000004,5.95,36.0,75.0,91.82,320.0,18875.0,,,
2022-04-23,2421.46,3.22,21.0,70.0,98.62,313.0,21227.0,,,
2022-04-24,2567.449999999999,5.14,20.0,63.0,100.56,323.0,23527.0,,,
2022-04-25,3103.96,2.7,20.0,60.0,96.15,332.0,25533.0,,,
2022-04-26,3459.7400000000002,6.52,34.0,120.0,93.6,355.0,24847.0,,,
2022-04-27,4327.900000000001,6.96,37.0,114.0,92.28,277.0,20706.0,,,
2022-04-28,3575.91,6.14,27.0,82.0,90.23,256.0,21339.0,,,
2022-04-29,3592.71,4.64,29.0,76.0,90.4,270.0,21227.0,,,
2022-04-30,2601.44,2.46,16.0,67.0,99.07,275.0,20769.0,,,
2022-05-01,4804.56,5.83,27.0,70.0,101.92,327.0,27051.0,,,
2022-05-02,4624.08,5.7,37.0,97.0,83.67,303.0,22750.0,,,
2022-05-03,3088.2400000000002,4.89,41.0,98.0,84.16999999999999,326.0,21666.0,,,
2022-05-04,2172.11,2.98,31.0,99.0,96.23,327.0,22329.0,,,
2022-05-05,3316.49,4.43,56.0,133.0,97.37,282.0,23784.0,,,
2022-05-06,2691.68,3.09,35.0,91.0,97.4,279.0,22746.0,,,
2022-05-07,3048.9399999999996,5.62,36.0,85.0,101.57,302.0,24447.0,,,
2022-05-08,3375.34,5.76,27.0,114.0,106.64,292.0,30739.0,,,
2022-05-09,5644.68,6.46,40.0,121.0,101.5,292.0,24930.0,,,
2022-05-10,4613.8,6.46,47.0,135.0,98.05,317.0,22750.0,,,
2022-05-11,3295.36,4.98,29.0,124.0,96.92,294.0,19904.0,,,
2022-05-12,2400.6099999999997,37.19,96.0,1194.0,101.28,353.0,22940.0,,,
2022-05-13,2088.91,35.46,94.0,1315.0,100.55,310.0,22442.0,,,
2022-05-14,1569.4199999999998,31.92,76.0,1218.0,105.72,297.0,23671.0,,,
2022-05-15,2764.25,35.42,92.0,957.0,112.98999999999998,350.0,26015.0,,,
2022-05-16,4841.66,37.07,117.0,1078.0,106.91,331.0,24475.0,,,
2022-05-17,3776.4300000000003,21.49,77.0,484.0,102.64,355.0,21767.0,,,
2022-05-18,3459.26,11.920000000000002,51.0,399.0,100.8,320.0,20521.0,,,
2022-05-19,5392.15,10.09,56.0,283.0,100.76,269.0,22336.0,,,
2022-05-20,4550.76,61.77,181.0,2055.0,101.13,265.0,21173.0,,,
2022-05-21,3390.8100000000004,65.14,214.0,2588.0,108.09,316.0,21943.0,,,
2022-05-22,3317.4300000000003,59.23,202.0,2102.0,105.22,358.0,24279.0,,,
2022-05-23,4196.5,28.270000000000003,116.0,1145.0,105.01,431.0,28839.0,,,
2022-05-24,3245.1599999999994,27.96,123.0,1282.0,105.09,422.0,26812.0,,,
2022-05-25,3427.57,27.63,119.0,1213.0,104.62,293.0,33430.0,,,
2022-05-26,2949.3799999999997,27.32,130.0,1340.0,92.88,277.0,24666.0,,,
2022-05-27,1902.4899999999998,26.0,124.0,1232.0,103.89,314.0,26904.0,,,
2022-05-28,1798.65,42.86,190.0,1731.0,107.85,311.0,28428.0,,,
2022-05-29,2189.95,34.57,142.0,1492.0,110.03,345.0,34710.0,,,
2022-05-30,2593.83,36.36,160.0,1796.0,109.91,377.0,37442.0,,,
2022-05-31,2102.54,31.47,158.0,1551.0,110.06,341.0,34624.0,,,
2022-06-01,2240.67,23.78,162.0,1174.0,109.12,361.0,38545.0,,,
2022-06-02,1654.12,27.9,129.0,1208.0,109.47,377.0,38878.0,,,
2022-06-03,2491.31,51.63,188.0,2222.0,110.23,331.0,33518.0,,,
2022-06-04,1787.7400000000002,40.42,161.0,1436.0,109.53,352.0,34848.0,,,
2022-06-05,1777.5099999999998,49.64,214.0,1873.0,110.16,378.0,37473.0,,,
2022-06-06,2951.81,41.18,192.0,1652.0,102.88,337.0,31130.0,,,
2022-06-07,3411.8999999999996,41.11,193.0,1656.0,110.9,297.0,26029.0,,,
2022-06-08,2507.88,31.1,151.0,1421.0,109.81,285.0,25162.0,,,
2022-06-09,2837.32,53.64,169.0,1612.0,108.98,268.0,24851.0,,,
2022-06-10,2604.9900000000002,59.09,223.0,2034.0,109.78,202.0,23930.0,,,
2022-06-11,1921.5500000000002,78.34,268.0,2611.0,108.43,266.0,25318.0,,,
2022-06-12,3195.5299999999997,81.06,268.0,2604.0,111.07,321.0,26580.0,,,
2022-06-13,4422.48,70.25,256.0,2475.0,110.56,280.0,27591.0,,,
2022-06-14,3949.5200000000004,68.94,263.0,2328.0,99.73,240.0,23464.0,,,
2022-06-15,3699.0600000000004,70.59,283.0,2606.0,101.38,259.0,22771.0,,,
2022-06-16,2852.8399999999997,76.35,290.0,2406.0,90.4,251.0,20467.0,,,
2022-06-17,2272.73,47.19,171.0,1899.0,89.1,241.0,19613.0,,,
2022-06-18,2297.08,51.260000000000005,184.0,1616.0,87.95,244.0,18487.0,,,
2022-06-19,2934.2200000000003,60.26,214.0,1679.0,79.69999999999999,224.0,18012.0,,,
2022-06-20,3938.62,53.92,209.0,1686.0,91.74,205.0,19816.0,,,
2022-06-21,2876.559999999999,68.83,253.0,2060.0,87.92,159.0,15091.0,,,
2022-06-22,2700.52,44.22,191.0,1339.0,110.82,195.0,20202.0,,,
2022-06-23,2628.85,38.86,160.0,1087.0,111.01,162.0,19309.0,,,
2022-06-24,2506.1400000000003,55.81,186.0,1536.0,110.68,166.0,17402.0,,,
2022-06-25,3002.12,105.1,289.0,2615.0,110.03,187.0,16780.0,,,
2022-06-26,3818.34,85.42999999999999,266.0,2187.0,112.4,183.0,17907.0,,,
2022-06-27,4902.51,66.25999999999999,212.0,1738.0,107.97,159.0,19087.0,,,
2022-06-28,5329.37,64.29,220.0,1879.0,96.69,143.0,15848.0,,,
2022-06-29,5679.74,48.39,170.0,1290.0,92.83,160.0,14036.0,,,
2022-06-30,5796.07,72.53,223.0,2247.0,92.31,134.0,15276.0,,,
2022-07-01,5150.93,70.60000000000001,239.0,1995.0,92.37,149.0,18233.0,,,
2022-07-02,4013.13,61.56,206.0,1729.0,95.67,154.0,18339.0,,,
2022-07-03,4890.919999999999,72.36,232.0,1821.0,101.46,202.0,19965.0,,,
2022-07-04,6601.5,65.65,202.0,1724.0,97.6,185.0,19545.0,,,
2022-07-05,6467.770000000001,67.15,216.0,1773.0,93.74,179.0,17128.0,,,
2022-07-06,6207.51,68.45,197.0,1740.0,92.44,175.0,17378.0,,,
2022-07-07,5852.500000000001,67.0,226.0,1705.0,91.95,177.0,17351.0,,,
2022-07-08,4281.05,81.98,235.0,2006.0,91.45,141.0,17885.0,,,
2022-07-09,3719.589999999999,71.16000000000001,224.0,1843.0,95.16,169.0,17991.0,,,
2022-07-10,4160.64,39.67,124.0,1162.0,96.06,216.0,17241.0,,,
2022-07-11,5851.6900000000005,4.51,25.0,112.0,86.92999999999999,182.0,15551.0,,,
2022-07-12,8309.62,5.39,32.0,84.0,95.85,165.0,17363.0,,,
2022-07-13,7147.23,5.69,35.0,108.0,95.01,208.0,17068.0,,,
2022-07-14,3824.3,3.47,27.0,67.0,88.84,152.0,16211.0,,,
2022-07-15,2985.2600000000007,2.41,13.0,39.0,87.62,125.0,15253.0,,,
2022-07-16,1682.1599999999999,3.61,20.0,56.0,112.31,179.0,19200.0,,,
2022-07-17,2371.3900000000003,4.96,26.0,68.0,110.07,213.0,20947.0,,,
2022-07-18,4626.16,5.88,32.0,69.0,108.0,198.0,25017.0,,,
2022-07-19,4234.29,3.85,24.0,61.0,103.95,164.0,23189.0,,,
2022-07-20,3580.95,2.77,26.0,88.0,101.22,174.0,18598.0,,,
2022-07-21,3222.08,5.93,37.0,97.0,101.6,137.0,19337.0,,,
2022-07-22,3011.5,3.34,21.0,86.0,101.16,161.0,17863.0,,,
2022-07-23,2412.7199999999993,3.22,21.0,73.0,107.61,221.0,18779.0,,,
2022-07-24,2748.4,6.95,24.0,65.0,110.81,228.0,22066.0,,,
2022-07-25,3649.3900000000003,6.07,23.0,78.0,107.51,157.0,22331.0,,,
2022-07-26,3033.4399999999996,5.88,25.0,76.0,80.69,162.0,16580.0,,,
2022-07-27,3277.75,5.79,26.0,65.0,77.57000000000001,163.0,15779.0,,,
2022-07-28,3152.11,4.4,23.0,80.0,77.75,180.0,14942.0,,,
2022-07-29,2955.7199999999984,5.21,28.0,68.0,77.97,195.0,15474.0,,,
2022-07-30,3111.8,3.82,27.0,65.0,80.33,220.0,15837.0,,,
2022-07-31,3555.3200000000006,3.68,21.0,69.0,84.35,232.0,18325.0,,,
2022-08-01,5221.389999999999,5.39,26.0,59.0,82.49,223.0,20308.0,,,
2022-08-02,4518.32,5.5,35.0,88.0,79.53999999999999,208.0,19838.0,,,
2022-08-03,4507.08,2.95,21.0,75.0,62.040000000000006,145.0,16179.0,,,
2022-08-04,3736.9100000000003,4.39,31.0,103.0,,,,,,
2022-08-05,2670.6,6.47,25.0,84.0,,,,,,
2022-08-06,2511.38,5.22,22.0,70.0,,,,,,
2022-08-07,3313.1099999999997,5.37,26.0,72.0,,,,,,
2022-08-08,4733.15,6.2,21.0,74.0,,,,,,
2022-08-09,2848.9499999999994,4.43,20.0,80.0,,,,,,
2022-08-10,3429.5699999999997,5.4,28.0,74.0,,,,,,
2022-08-11,3163.7700000000004,5.97,22.0,76.0,,,,,,
2022-08-12,3078.3100000000004,5.08,20.0,56.0,,,,,,
2022-08-13,2719.0600000000004,4.98,14.0,41.0,,,,,,
2022-08-14,2009.5600000000002,3.68,18.0,52.0,,,,,,
2022-08-15,2023.9500000000005,2.44,13.0,48.0,,,,,,
2022-08-16,3210.789999999999,4.26,17.0,75.0,,,,,,
2022-08-17,2704.5200000000004,4.62,29.0,85.0,,,,,,
2022-08-18,3497.03,6.69,31.0,86.0,,,,,,
2022-08-19,2367.56,3.86,15.0,59.0,,,,,,
2022-08-20,2712.119999999999,5.95,24.0,59.0,,,,,,
2022-08-21,2477.5899999999997,4.03,20.0,73.0,,,,,,
2022-08-22,3494.4799999999987,4.64,25.0,71.0,,,,,,
2022-08-23,4275.48,6.26,25.0,89.0,,,,,,
2022-08-24,2741.0699999999997,3.66,21.0,97.0,,,,,,
2022-08-25,3730.1500000000005,5.81,23.0,76.0,,,,,,
2022-08-26,3247.3400000000006,5.57,27.0,72.0,,,,,,
2022-08-27,2984.969999999999,5.42,24.0,71.0,,,,,,
2022-08-28,3133.63,4.88,23.0,52.0,,,,,,
2022-08-29,4658.799999999999,4.87,26.0,66.0,,,,,,
2022-08-30,4381.42,3.58,22.0,57.0,,,,,,
2022-08-31,5311.8,3.77,50.0,54.0,,,,,,
2022-09-01,6277.45,3.01,27.0,81.0,,,,,,
2022-09-02,3945.27,1.7,13.0,69.0,,,,,,
2022-09-03,3570.2400000000002,5.12,26.0,59.0,,,,,,
2022-09-04,3658.12,5.13,29.0,65.0,,,,,,
2022-09-05,4255.320000000001,9.99,34.0,104.0,,,,,,
2022-09-06,4670.27,5.81,23.0,69.0,,,,,,
2022-09-07,4403.71,5.78,38.0,95.0,,,,,,
2022-09-08,4453.33,5.69,27.0,74.0,,,,,,
2022-09-09,3960.57,6.71,33.0,80.0,,,,,,
2022-09-10,2973.9900000000002,5.5,22.0,68.0,,,,,,
2022-09-11,3522.53,5.22,27.0,60.0,,,,,,
2022-09-12,4464.85,4.08,21.0,71.0,,,,,,
2022-09-13,4828.51,5.9,23.0,70.0,,,,,,
2022-09-14,4735.39,5.11,34.0,102.0,,,,,,
2022-09-15,4952.400000000001,5.54,25.0,75.0,,,,,,
2022-09-16,3749.79,4.34,37.0,65.0,,,,,,
2022-09-17,3255.9700000000003,3.89,30.0,70.0,,,,,,
2022-09-18,3245.33,4.69,24.0,74.0,,,,,,
2022-09-19,4647.209999999999,4.45,29.0,70.0,,,,,,
2022-09-20,5543.18,4.57,33.0,75.0,,,,,,
2022-09-21,5018.87,4.49,34.0,79.0,,,,,,
2022-09-22,3934.65,3.73,27.0,89.0,26.46,128.0,8203.0,,,
2022-09-23,3675.0400000000004,4.06,33.0,92.0,51.13,162.0,14191.0,,,
2022-09-24,3074.97,2.54,16.0,61.0,51.88,164.0,11253.0,,,
2022-09-25,3809.3,3.0,24.0,56.0,56.7,164.0,10963.0,,,
2022-09-26,4989.2699999999995,8.03,33.0,94.0,55.38,164.0,13436.0,,,
2022-09-27,5261.379999999999,7.71,33.0,95.0,53.77,138.0,10515.0,,,
2022-09-28,4209.23,5.31,29.0,113.0,55.37,127.0,10057.0,,,
2022-09-29,4336.2300000000005,6.21,37.0,94.0,54.93,116.0,11400.0,,,
2022-09-30,3629.42,2.33,28.0,47.0,54.33,118.0,10240.0,,,
2022-10-01,3739.86,3.09,18.0,63.0,44.35,106.0,10011.0,,,
2022-10-02,4352.860000000001,5.4,21.0,79.0,56.89,125.0,12057.0,,,
2022-10-03,5334.13,9.8,43.0,150.0,62.76,131.0,14089.0,,,
2022-10-04,5216.55,10.63,37.0,155.0,91.93,239.0,24417.0,,,
2022-10-05,5632.8,7.6,39.0,85.0,90.16,177.0,20467.0,,,
2022-10-06,6021.419999999999,7.16,35.0,117.0,90.56,155.0,17567.0,,,
2022-10-07,4181.340000000001,6.29,26.0,110.0,86.91,218.0,18326.0,,,
2022-10-08,2837.239999999999,6.45,30.0,75.0,90.07000000000001,248.0,17723.0,,,
2022-10-09,4150.67,5.13,23.0,89.0,93.81,234.0,18762.0,,,
2022-10-10,4993.84,6.63,34.0,113.0,92.38,221.0,18262.0,,,
2022-10-11,4931.9400000000005,8.26,35.0,93.0,93.89,208.0,18151.0,,,
2022-10-12,5635.889999999999,7.93,57.0,141.0,112.05,193.0,18047.0,,,
2022-10-13,4324.710000000001,7.0,40.0,96.0,15.0,90.0,3842.0,,,
2022-10-14,3722.2,6.37,40.0,112.0,14.94,66.0,3781.0,,,
2022-10-15,2972.04,3.78,18.0,80.0,14.96,86.0,3739.0,,,
2022-10-16,3554.96,13.44,34.0,117.0,15.0,118.0,3737.0,,,
2022-10-17,4128.09,6.82,29.0,84.0,14.97,89.0,4211.0,,,
2022-10-18,5041.360000000001,7.66,34.0,116.0,14.99,87.0,4276.0,,,
2022-10-19,4566.02,6.71,30.0,104.0,63.69,213.0,16273.0,,,
2022-10-20,3573.7100000000005,5.56,27.0,98.0,62.88,197.0,12316.0,,,
2022-10-21,3521.19,4.82,24.0,103.0,64.84,155.0,9062.0,,,
2022-10-22,3213.06,5.72,25.0,82.0,81.92,136.0,11050.0,133.57,296.0,116469.0
2022-10-23,3473.21,3.61,19.0,97.0,83.47,164.0,10976.0,156.37,396.0,114969.0
2022-10-24,4305.89,6.45,26.0,94.0,70.52,131.0,8844.0,,,
2022-10-25,4461.310000000001,6.74,26.0,103.0,69.69,131.0,9331.0,176.99,447.0,158054.0
2022-10-26,4202.380000000001,12.16,32.0,158.0,66.71,98.0,8548.0,,,
2022-10-27,4430.990000000001,8.36,22.0,74.0,64.36,133.0,9801.0,206.08,491.0,152259.0
2022-10-28,3769.13,4.9,17.0,104.0,63.97,108.0,10606.0,163.34,379.0,132376.0
2022-10-29,2764.51,5.7,15.0,46.0,61.99,140.0,9518.0,,,
2022-10-30,3240.4700000000003,6.59,21.0,78.0,67.68,138.0,10373.0,166.02,401.0,126119.0
2022-10-31,3341.8100000000004,5.05,19.0,71.0,66.38,136.0,11451.0,,,
2022-11-01,4656.570000000001,8.64,27.0,76.0,65.24,163.0,17518.0,,,
2022-11-02,5301.290000000001,8.62,36.0,106.0,64.11,181.0,19320.0,,,
2022-11-03,4115.5199999999995,7.81,35.0,79.0,15.04,120.0,4323.0,,,
2022-11-04,3109.2699999999986,4.94,22.0,56.0,15.0,115.0,3687.0,156.76,359.0,149523.0
2022-11-05,3365.7400000000002,4.61,17.0,61.0,14.98,126.0,3437.0,151.75,343.0,160539.0
2022-11-06,3740.87,3.05,19.0,55.0,14.99,118.0,3562.0,2.41,9.0,2893.0
2022-11-07,4540.73,10.94,26.0,83.0,14.93,110.0,3528.0,3.12,11.0,5049.0
2022-11-08,3758.6200000000003,7.57,27.0,107.0,14.97,112.0,3228.0,5.79,17.0,4572.0
2022-11-09,4361.16,10.31,40.0,144.0,14.86,131.0,3283.0,0.0,0.0,13.0
2022-11-10,4066.9500000000007,8.59,36.0,120.0,14.81,114.0,3102.0,,,
2022-11-11,3487.6800000000003,9.11,25.0,77.0,14.8,106.0,2655.0,227.14,465.0,146213.0
2022-11-12,2703.9700000000003,5.48,24.0,102.0,14.63,93.0,2811.0,9.82,22.0,10543.0
2022-11-13,3870.350000000001,4.85,18.0,58.0,14.88,105.0,3451.0,233.45,494.0,147392.0
2022-11-14,5023.3,8.7,47.0,135.0,14.96,78.0,3459.0,6.71,20.0,8564.0
2022-11-15,5591.41,8.63,36.0,97.0,14.99,103.0,3262.0,13.08,26.0,11083.0
2022-11-16,4890.960000000001,4.13,30.0,83.0,15.0,86.0,3077.0,,,
2022-11-17,3870.25,8.52,46.0,134.0,90.16,243.0,41457.0,0.0,0.0,41.0
2022-11-18,4997.83,6.93,32.0,115.0,89.78,195.0,18409.0,315.72,595.0,243278.0
2022-11-19,4435.400000000001,4.93,19.0,57.0,89.91,182.0,18281.0,29.17,42.0,12569.0
2022-11-20,4390.17,6.7,28.0,70.0,84.03,222.0,17812.0,247.32,484.0,170225.0
2022-11-21,5284.579999999999,6.06,35.0,83.0,81.11,159.0,16633.0,257.95,522.0,182113.0
2022-11-22,5010.099999999999,7.61,35.0,91.0,79.23,161.0,15501.0,,,
2022-11-23,4592.51,4.79,30.0,89.0,78.33,152.0,14394.0,,,
2022-11-24,5520.48,8.93,27.0,91.0,77.76,149.0,12544.0,,,
2022-11-25,5469.2,6.94,24.0,72.0,77.92999999999999,95.0,16576.0,,,
2022-11-26,3349.74,4.96,24.0,63.0,79.0,120.0,12737.0,,,
2022-11-27,3531.63,9.28,25.0,70.0,84.36,191.0,13490.0,41.97,64.0,17640.0
2022-11-28,5964.490000000001,5.12,21.0,105.0,81.32,141.0,15514.0,,,
2022-11-29,3584.07,10.14,33.0,104.0,78.59,164.0,16186.0,180.51,353.0,104888.0
2022-11-30,3657.96,5.76,26.0,69.0,74.1,169.0,15764.0,,,
2022-12-01,3679.3300000000004,5.43,24.0,79.0,14.99,71.0,3353.0,26.0,37.0,12150.0
2022-12-02,2381.269999999999,6.2,22.0,96.0,14.98,81.0,3875.0,114.5,241.0,80060.0
2022-12-03,2178.3199999999997,4.51,13.0,96.0,15.0,121.0,3612.0,138.03,279.0,81439.0
2022-12-04,2916.03,12.13,21.0,122.0,14.98,102.0,3764.0,,,
2022-12-05,3627.75,9.04,16.0,67.0,14.98,87.0,3902.0,32.07,54.0,13734.0
2022-12-06,3192.6700000000005,8.1,27.0,94.0,14.96,99.0,3617.0,,,
2022-12-07,2190.8199999999993,8.01,19.0,79.0,14.98,70.0,3329.0,165.57,279.0,110781.0
2022-12-08,2741.0499999999993,7.17,19.0,72.0,14.97,82.0,3311.0,,,
2022-12-09,2687.7299999999996,7.41,22.0,60.0,14.89,94.0,3393.0,,,
2022-12-10,2674.589999999999,8.01,21.0,60.0,14.77,90.0,3431.0,54.53,65.0,23294.0
2022-12-11,3615.6500000000005,6.58,17.0,43.0,14.99,99.0,3522.0,280.05,439.0,133294.0
2022-12-12,4739.749999999999,4.99,24.0,94.0,14.99,76.0,3558.0,,,
2022-12-13,4799.28,6.57,30.0,107.0,14.98,75.0,3855.0,70.42,83.0,33147.0
2022-12-14,4197.47,6.42,24.0,80.0,47.9,143.0,10389.0,209.91,361.0,122713.0
2022-12-15,3947.11,5.98,23.0,71.0,73.11,120.0,11476.0,210.44,347.0,111442.0
2022-12-16,3579.52,2.56,13.0,81.0,73.22,137.0,10741.0,51.21,60.0,21838.0
2022-12-17,3081.8799999999987,5.13,17.0,65.0,75.15,144.0,9860.0,70.56,84.0,24477.0
2022-12-18,3053.869999999999,3.84,10.0,58.0,79.22999999999999,113.0,8747.0,175.61,301.0,113246.0
2022-12-19,4043.08,10.01,27.0,128.0,76.18,122.0,9932.0,298.73,462.0,160695.0
2022-12-20,4093.96,13.5,19.0,170.0,74.25,130.0,11081.0,240.52,368.0,138729.0
2022-12-21,3654.2100000000005,7.85,9.0,43.0,72.91,128.0,11658.0,243.19,359.0,133422.0
2022-12-22,2687.88,7.76,12.0,81.0,72.77,129.0,11272.0,216.16,317.0,97501.0
2022-12-23,1947.8200000000002,7.68,16.0,49.0,51.57,86.0,6101.0,142.22,225.0,75217.0
2022-12-24,1302.78,5.44,11.0,57.0,14.97,90.0,3295.0,96.67,164.0,58269.0
2022-12-25,1333.2700000000002,1.48,7.0,43.0,15.0,121.0,3438.0,139.07,236.0,68748.0
2022-12-26,2561.919999999999,7.06,19.0,81.0,15.0,133.0,4512.0,200.4,351.0,105270.0
2022-12-27,3691.32,8.4,23.0,110.0,14.94,142.0,4659.0,233.3,405.0,121600.0
2022-12-28,3955.8200000000006,7.59,13.0,74.0,15.0,139.0,4956.0,283.34,472.0,138786.0
2022-12-29,3822.5,7.45,24.0,104.0,15.0,137.0,5027.0,246.72,387.0,117526.0
2022-12-30,2775.749999999999,6.93,20.0,88.0,15.0,142.0,4634.0,207.29,313.0,87992.0
2022-12-31,1564.7,2.04,7.0,25.0,15.0,109.0,4719.0,149.32,238.0,49270.0
2023-01-01,3653.06,8.1,21.0,46.0,15.0,147.0,6042.0,231.54,369.0,76668.0
2023-01-02,4736.26,8.16,31.0,86.0,15.0,143.0,5329.0,309.79,524.0,122856.0
2023-01-03,5171.81,7.13,21.0,70.0,15.0,139.0,5612.0,367.0,602.0,137429.0
2023-01-04,5211.700000000002,7.12,37.0,125.0,15.0,123.0,5410.0,363.47,636.0,148717.0
2023-01-05,4041.27,4.77,25.0,116.0,8.74,61.0,3167.0,326.51,561.0,125357.0
2023-01-06,2915.009999999999,7.62,28.0,78.0,,,,320.05,519.0,115897.0
2023-01-07,3471.78,6.78,28.0,85.0,,,,319.93,531.0,125869.0
2023-01-08,5620.150000000001,5.92,26.0,89.0,,,,443.89,723.0,164664.0
2023-01-09,8769.73,8.9,32.0,84.0,,,,664.92,1216.0,277161.0
2023-01-10,8943.5,6.8,37.0,125.0,,,,712.4,1343.0,285253.0
2023-01-11,10715.429999999998,7.37,35.0,130.0,,,,838.86,1491.0,273719.0
2023-01-12,10083.84,6.07,26.0,87.0,,,,821.29,1459.0,268897.0
2023-01-13,8108.76,8.94,36.0,80.0,,,,768.33,1288.0,219388.0
2023-01-14,5892.27,3.71,17.0,53.0,,,,577.46,964.0,187376.0
2023-01-15,8003.209999999998,7.34,31.0,76.0,,,,659.73,1211.0,233992.0
2023-01-16,5767.620000000001,5.43,37.0,85.0,,,,468.57,779.0,199138.0
2023-01-17,5912.71,5.1,27.0,98.0,,,,476.19,817.0,203847.0
2023-01-18,5309.460000000001,9.05,37.0,126.0,,,,483.64,817.0,206690.0
2023-01-19,5853.950000000001,9.96,39.0,107.0,,,,437.08,762.0,196930.0
2023-01-20,4451.03,9.21,38.0,88.0,,,,368.92,600.0,172057.0
2023-01-21,3779.7,5.11,21.0,73.0,,,,301.51,511.0,148111.0
2023-01-22,3912.03,8.46,22.0,66.0,,,,363.86,591.0,160568.0
2023-01-23,5118.13,6.88,24.0,69.0,,,,507.99,691.0,229478.0
2023-01-24,4135.14,6.63,37.0,102.0,,,,698.77,883.0,235858.0
2023-01-25,3993.0,4.84,28.0,100.0,,,,539.61,785.0,250608.0
2023-01-26,5079.009999999999,5.12,29.0,90.0,,,,503.3200000000001,756.0,210899.0
2023-01-27,4238.94,5.2,21.0,70.0,,,,509.21,705.0,213712.0
2023-01-28,3310.88,3.46,15.0,74.0,,,,553.62,760.0,220679.0
2023-01-29,4973.900000000001,9.4,26.0,62.0,,,,701.01,1002.0,294979.0
2023-01-30,8459.26,7.38,37.0,130.0,,,,758.68,1142.0,326613.0
2023-01-31,8170.91,5.72,38.0,104.0,,,,813.4399999999999,1284.0,338901.0
2023-02-01,8317.56,8.65,38.0,93.0,,,,861.12,1325.0,340345.0
2023-02-02,6717.110000000001,10.36,35.0,112.0,,,,786.0699999999999,1278.0,321022.0
2023-02-03,5689.55,8.12,19.0,55.0,,,,795.26,1194.0,299361.0
2023-02-04,4683.249999999999,4.45,19.0,52.0,,,,758.21,1076.0,254704.0
2023-02-05,6395.960000000001,4.63,22.0,86.0,,,,877.77,1295.0,314229.0
2023-02-06,8139.820000000001,7.79,20.0,93.0,,,,858.65,1288.0,275503.0
2023-02-07,7756.410000000001,9.69,26.0,128.0,,,,786.39,1194.0,213913.0
2023-02-08,8153.92,10.55,17.0,84.0,,,,758.29,1102.0,211412.0
2023-02-09,8641.16,10.68,29.0,122.0,,,,690.36,977.0,164195.0
2023-02-10,7177.0199999999995,8.06,22.0,92.0,,,,840.29,1222.0,209615.0
2023-02-11,6076.27,8.92,13.0,72.0,,,,774.07,1147.0,191259.0
2023-02-12,6763.88,5.72,17.0,66.0,,,,897.04,1341.0,227714.0
2023-02-13,4556.74,9.09,23.0,85.0,,,,748.83,1090.0,235878.0
